Program,Year,Period,Week Ending,Geo Level,State,State ANSI,Ag District,Ag District Code,County,County ANSI,Zip Code,Region,watershed_code,Watershed,Commodity,Data Item,Domain,Domain Category,Value,CV (%)
SURVEY,2020,YEAR,,COUNTY,TEXAS,48,SOUTHERN HIGH PLAINS,12,LUBBOCK,303,,,0,,SORGHUM,SORGHUM - ACRES PLANTED,TOTAL,NOT SPECIFIED,"17,100",0
SURVEY,2020,YEAR,,COUNTY,TEXAS,48,SOUTHERN HIGH PLAINS,12,LUBBOCK,303,,,0,,SORGHUM,"SORGHUM, GRAIN - ACRES HARVESTED",TOTAL,NOT SPECIFIED,"15,900",13.2
SURVEY,2020,YEAR,,COUNTY,TEXAS,48,SOUTHERN HIGH PLAINS,12,LUBBOCK,303,,,0,,SORGHUM,"SORGHUM, GRAIN - PRODUCTION, MEASURED IN BU",TOTAL,NOT SPECIFIED,"685,000",50.3
SURVEY,2020,YEAR,,COUNTY,TEXAS,48,SOUTHERN HIGH PLAINS,12,LUBBOCK,303,,,0,,SORGHUM,"SORGHUM, GRAIN - YIELD, MEASURED IN BU / ACRE",TOTAL,NOT SPECIFIED,43.1,48.1
SURVEY,2017,YEAR,,COUNTY,TEXAS,48,SOUTHERN HIGH PLAINS,12,LUBBOCK,303,,,0,,SORGHUM,SORGHUM - ACRES PLANTED,TOTAL,NOT SPECIFIED,"30,800",
SURVEY,2017,YEAR,,COUNTY,TEXAS,48,SOUTHERN HIGH PLAINS,12,LUBBOCK,303,,,0,,SORGHUM,"SORGHUM, GRAIN - ACRES HARVESTED",TOTAL,NOT SPECIFIED,"29,400",
SURVEY,2017,YEAR,,COUNTY,TEXAS,48,SOUTHERN HIGH PLAINS,12,LUBBOCK,303,,,0,,SORGHUM,"SORGHUM, GRAIN - PRODUCTION, MEASURED IN BU",TOTAL,NOT SPECIFIED,"1,255,000",
SURVEY,2017,YEAR,,COUNTY,TEXAS,48,SOUTHERN HIGH PLAINS,12,LUBBOCK,303,,,0,,SORGHUM,"SORGHUM, GRAIN - YIELD, MEASURED IN BU / ACRE",TOTAL,NOT SPECIFIED,42.7,
SURVEY,2014,YEAR,,COUNTY,TEXAS,48,SOUTHERN HIGH PLAINS,12,LUBBOCK,303,,,0,,SORGHUM,SORGHUM - ACRES PLANTED,TOTAL,NOT SPECIFIED,"41,600",
SURVEY,2014,YEAR,,COUNTY,TEXAS,48,SOUTHERN HIGH PLAINS,12,LUBBOCK,303,,,0,,SORGHUM,"SORGHUM, GRAIN - ACRES HARVESTED",TOTAL,NOT SPECIFIED,"37,100",
SURVEY,2014,YEAR,,COUNTY,TEXAS,48,SOUTHERN HIGH PLAINS,12,LUBBOCK,303,,,0,,SORGHUM,"SORGHUM, GRAIN - PRODUCTION, MEASURED IN BU",TOTAL,NOT SPECIFIED,"1,696,000",
SURVEY,2014,YEAR,,COUNTY,TEXAS,48,SOUTHERN HIGH PLAINS,12,LUBBOCK,303,,,0,,SORGHUM,"SORGHUM, GRAIN - YIELD, MEASURED IN BU / ACRE",TOTAL,NOT SPECIFIED,45.7,
SURVEY,2014,YEAR,,COUNTY,TEXAS,48,SOUTHERN HIGH PLAINS,12,LUBBOCK,303,,,0,,SORGHUM,"SORGHUM, GRAIN, IRRIGATED - ACRES HARVESTED",TOTAL,NOT SPECIFIED,"14,100",
SURVEY,2014,YEAR,,COUNTY,TEXAS,48,SOUTHERN HIGH PLAINS,12,LUBBOCK,303,,,0,,SORGHUM,"SORGHUM, GRAIN, IRRIGATED - PRODUCTION, MEASURED IN BU",TOTAL,NOT SPECIFIED,"1,050,000",
SURVEY,2014,YEAR,,COUNTY,TEXAS,48,SOUTHERN HIGH PLAINS,12,LUBBOCK,303,,,0,,SORGHUM,"SORGHUM, GRAIN, IRRIGATED - YIELD, MEASURED IN BU / ACRE",TOTAL,NOT SPECIFIED,74.5,
SURVEY,2014,YEAR,,COUNTY,TEXAS,48,SOUTHERN HIGH PLAINS,12,LUBBOCK,303,,,0,,SORGHUM,"SORGHUM, GRAIN, NON-IRRIGATED - ACRES HARVESTED",TOTAL,NOT SPECIFIED,"23,000",
SURVEY,2014,YEAR,,COUNTY,TEXAS,48,SOUTHERN HIGH PLAINS,12,LUBBOCK,303,,,0,,SORGHUM,"SORGHUM, GRAIN, NON-IRRIGATED - PRODUCTION, MEASURED IN BU",TOTAL,NOT SPECIFIED,"646,000",
SURVEY,2014,YEAR,,COUNTY,TEXAS,48,SOUTHERN HIGH PLAINS,12,LUBBOCK,303,,,0,,SORGHUM,"SORGHUM, GRAIN, NON-IRRIGATED - YIELD, MEASURED IN BU / ACRE",TOTAL,NOT SPECIFIED,28.1,
SURVEY,2014,YEAR,,COUNTY,TEXAS,48,SOUTHERN HIGH PLAINS,12,LUBBOCK,303,,,0,,SORGHUM,"SORGHUM, IRRIGATED - ACRES PLANTED",TOTAL,NOT SPECIFIED,"14,300",
SURVEY,2014,YEAR,,COUNTY,TEXAS,48,SOUTHERN HIGH PLAINS,12,LUBBOCK,303,,,0,,SORGHUM,"SORGHUM, NON-IRRIGATED - ACRES PLANTED",TOTAL,NOT SPECIFIED,"27,300",
SURVEY,2013,YEAR,,COUNTY,TEXAS,48,SOUTHERN HIGH PLAINS,12,LUBBOCK,303,,,0,,SORGHUM,SORGHUM - ACRES PLANTED,TOTAL,NOT SPECIFIED,"94,200",
SURVEY,2013,YEAR,,COUNTY,TEXAS,48,SOUTHERN HIGH PLAINS,12,LUBBOCK,303,,,0,,SORGHUM,"SORGHUM, GRAIN - ACRES HARVESTED",TOTAL,NOT SPECIFIED,"86,300",
SURVEY,2013,YEAR,,COUNTY,TEXAS,48,SOUTHERN HIGH PLAINS,12,LUBBOCK,303,,,0,,SORGHUM,"SORGHUM, GRAIN - PRODUCTION, MEASURED IN BU",TOTAL,NOT SPECIFIED,"5,218,000",
SURVEY,2013,YEAR,,COUNTY,TEXAS,48,SOUTHERN HIGH PLAINS,12,LUBBOCK,303,,,0,,SORGHUM,"SORGHUM, GRAIN - YIELD, MEASURED IN BU / ACRE",TOTAL,NOT SPECIFIED,60.5,
SURVEY,2013,YEAR,,COUNTY,TEXAS,48,SOUTHERN HIGH PLAINS,12,LUBBOCK,303,,,0,,SORGHUM,"SORGHUM, GRAIN, IRRIGATED - ACRES HARVESTED",TOTAL,NOT SPECIFIED,"38,300",
SURVEY,2013,YEAR,,COUNTY,TEXAS,48,SOUTHERN HIGH PLAINS,12,LUBBOCK,303,,,0,,SORGHUM,"SORGHUM, GRAIN, IRRIGATED - PRODUCTION, MEASURED IN BU",TOTAL,NOT SPECIFIED,"3,751,000",
SURVEY,2013,YEAR,,COUNTY,TEXAS,48,SOUTHERN HIGH PLAINS,12,LUBBOCK,303,,,0,,SORGHUM,"SORGHUM, GRAIN, IRRIGATED - YIELD, MEASURED IN BU / ACRE",TOTAL,NOT SPECIFIED,97.9,
SURVEY,2013,YEAR,,COUNTY,TEXAS,48,SOUTHERN HIGH PLAINS,12,LUBBOCK,303,,,0,,SORGHUM,"SORGHUM, GRAIN, NON-IRRIGATED - ACRES HARVESTED",TOTAL,NOT SPECIFIED,"48,000",
SURVEY,2013,YEAR,,COUNTY,TEXAS,48,SOUTHERN HIGH PLAINS,12,LUBBOCK,303,,,0,,SORGHUM,"SORGHUM, GRAIN, NON-IRRIGATED - PRODUCTION, MEASURED IN BU",TOTAL,NOT SPECIFIED,"1,467,000",
SURVEY,2013,YEAR,,COUNTY,TEXAS,48,SOUTHERN HIGH PLAINS,12,LUBBOCK,303,,,0,,SORGHUM,"SORGHUM, GRAIN, NON-IRRIGATED - YIELD, MEASURED IN BU / ACRE",TOTAL,NOT SPECIFIED,30.6,
SURVEY,2013,YEAR,,COUNTY,TEXAS,48,SOUTHERN HIGH PLAINS,12,LUBBOCK,303,,,0,,SORGHUM,"SORGHUM, IRRIGATED - ACRES PLANTED",TOTAL,NOT SPECIFIED,"40,200",
SURVEY,2013,YEAR,,COUNTY,TEXAS,48,SOUTHERN HIGH PLAINS,12,LUBBOCK,303,,,0,,SORGHUM,"SORGHUM, NON-IRRIGATED - ACRES PLANTED",TOTAL,NOT SPECIFIED,"54,000",
SURVEY,2012,YEAR,,COUNTY,TEXAS,48,SOUTHERN HIGH PLAINS,12,LUBBOCK,303,,,0,,SORGHUM,SORGHUM - ACRES PLANTED,TOTAL,NOT SPECIFIED,"34,500",
SURVEY,2012,YEAR,,COUNTY,TEXAS,48,SOUTHERN HIGH PLAINS,12,LUBBOCK,303,,,0,,SORGHUM,"SORGHUM, GRAIN - ACRES HARVESTED",TOTAL,NOT SPECIFIED,"30,100",
SURVEY,2012,YEAR,,COUNTY,TEXAS,48,SOUTHERN HIGH PLAINS,12,LUBBOCK,303,,,0,,SORGHUM,"SORGHUM, GRAIN - PRODUCTION, MEASURED IN BU",TOTAL,NOT SPECIFIED,"822,000",
SURVEY,2012,YEAR,,COUNTY,TEXAS,48,SOUTHERN HIGH PLAINS,12,LUBBOCK,303,,,0,,SORGHUM,"SORGHUM, GRAIN - YIELD, MEASURED IN BU / ACRE",TOTAL,NOT SPECIFIED,27.3,
SURVEY,2010,YEAR,,COUNTY,TEXAS,48,SOUTHERN HIGH PLAINS,12,LUBBOCK,303,,,0,,SORGHUM,SORGHUM - ACRES PLANTED,TOTAL,NOT SPECIFIED,"6,800",
SURVEY,2010,YEAR,,COUNTY,TEXAS,48,SOUTHERN HIGH PLAINS,12,LUBBOCK,303,,,0,,SORGHUM,"SORGHUM, GRAIN - ACRES HARVESTED",TOTAL,NOT SPECIFIED,"6,400",
SURVEY,2010,YEAR,,COUNTY,TEXAS,48,SOUTHERN HIGH PLAINS,12,LUBBOCK,303,,,0,,SORGHUM,"SORGHUM, GRAIN - PRODUCTION, MEASURED IN BU",TOTAL,NOT SPECIFIED,"391,000",
SURVEY,2010,YEAR,,COUNTY,TEXAS,48,SOUTHERN HIGH PLAINS,12,LUBBOCK,303,,,0,,SORGHUM,"SORGHUM, GRAIN - YIELD, MEASURED IN BU / ACRE",TOTAL,NOT SPECIFIED,61.1,
SURVEY,2010,YEAR,,COUNTY,TEXAS,48,SOUTHERN HIGH PLAINS,12,LUBBOCK,303,,,0,,SORGHUM,"SORGHUM, GRAIN, IRRIGATED - ACRES HARVESTED",TOTAL,NOT SPECIFIED,"3,300",
SURVEY,2010,YEAR,,COUNTY,TEXAS,48,SOUTHERN HIGH PLAINS,12,LUBBOCK,303,,,0,,SORGHUM,"SORGHUM, GRAIN, IRRIGATED - PRODUCTION, MEASURED IN BU",TOTAL,NOT SPECIFIED,"282,000",
SURVEY,2010,YEAR,,COUNTY,TEXAS,48,SOUTHERN HIGH PLAINS,12,LUBBOCK,303,,,0,,SORGHUM,"SORGHUM, GRAIN, IRRIGATED - YIELD, MEASURED IN BU / ACRE",TOTAL,NOT SPECIFIED,85.5,
SURVEY,2010,YEAR,,COUNTY,TEXAS,48,SOUTHERN HIGH PLAINS,12,LUBBOCK,303,,,0,,SORGHUM,"SORGHUM, GRAIN, NON-IRRIGATED - ACRES HARVESTED",TOTAL,NOT SPECIFIED,"3,100",
SURVEY,2010,YEAR,,COUNTY,TEXAS,48,SOUTHERN HIGH PLAINS,12,LUBBOCK,303,,,0,,SORGHUM,"SORGHUM, GRAIN, NON-IRRIGATED - PRODUCTION, MEASURED IN BU",TOTAL,NOT SPECIFIED,"109,000",
SURVEY,2010,YEAR,,COUNTY,TEXAS,48,SOUTHERN HIGH PLAINS,12,LUBBOCK,303,,,0,,SORGHUM,"SORGHUM, GRAIN, NON-IRRIGATED - YIELD, MEASURED IN BU / ACRE",TOTAL,NOT SPECIFIED,35.2,
SURVEY,2010,YEAR,,COUNTY,TEXAS,48,SOUTHERN HIGH PLAINS,12,LUBBOCK,303,,,0,,SORGHUM,"SORGHUM, IRRIGATED - ACRES PLANTED",TOTAL,NOT SPECIFIED,"3,300",
SURVEY,2010,YEAR,,COUNTY,TEXAS,48,SOUTHERN HIGH PLAINS,12,LUBBOCK,303,,,0,,SORGHUM,"SORGHUM, NON-IRRIGATED - ACRES PLANTED",TOTAL,NOT SPECIFIED,"3,500",
SURVEY,2009,YEAR,,COUNTY,TEXAS,48,SOUTHERN HIGH PLAINS,12,LUBBOCK,303,,,0,,SORGHUM,SORGHUM - ACRES PLANTED,TOTAL,NOT SPECIFIED,"46,000",
SURVEY,2009,YEAR,,COUNTY,TEXAS,48,SOUTHERN HIGH PLAINS,12,LUBBOCK,303,,,0,,SORGHUM,"SORGHUM, GRAIN - ACRES HARVESTED",TOTAL,NOT SPECIFIED,"44,300",
SURVEY,2009,YEAR,,COUNTY,TEXAS,48,SOUTHERN HIGH PLAINS,12,LUBBOCK,303,,,0,,SORGHUM,"SORGHUM, GRAIN - PRODUCTION, MEASURED IN BU",TOTAL,NOT SPECIFIED,"1,730,000",
SURVEY,2009,YEAR,,COUNTY,TEXAS,48,SOUTHERN HIGH PLAINS,12,LUBBOCK,303,,,0,,SORGHUM,"SORGHUM, GRAIN - YIELD, MEASURED IN BU / ACRE",TOTAL,NOT SPECIFIED,39,
SURVEY,2009,YEAR,,COUNTY,TEXAS,48,SOUTHERN HIGH PLAINS,12,LUBBOCK,303,,,0,,SORGHUM,"SORGHUM, GRAIN, IRRIGATED - ACRES HARVESTED",TOTAL,NOT SPECIFIED,"10,600",
SURVEY,2009,YEAR,,COUNTY,TEXAS,48,SOUTHERN HIGH PLAINS,12,LUBBOCK,303,,,0,,SORGHUM,"SORGHUM, GRAIN, IRRIGATED - PRODUCTION, MEASURED IN BU",TOTAL,NOT SPECIFIED,"750,000",
SURVEY,2009,YEAR,,COUNTY,TEXAS,48,SOUTHERN HIGH PLAINS,12,LUBBOCK,303,,,0,,SORGHUM,"SORGHUM, GRAIN, IRRIGATED - YIELD, MEASURED IN BU / ACRE",TOTAL,NOT SPECIFIED,71,
SURVEY,2009,YEAR,,COUNTY,TEXAS,48,SOUTHERN HIGH PLAINS,12,LUBBOCK,303,,,0,,SORGHUM,"SORGHUM, GRAIN, NON-IRRIGATED - ACRES HARVESTED",TOTAL,NOT SPECIFIED,"33,700",
SURVEY,2009,YEAR,,COUNTY,TEXAS,48,SOUTHERN HIGH PLAINS,12,LUBBOCK,303,,,0,,SORGHUM,"SORGHUM, GRAIN, NON-IRRIGATED - PRODUCTION, MEASURED IN BU",TOTAL,NOT SPECIFIED,"980,000",
SURVEY,2009,YEAR,,COUNTY,TEXAS,48,SOUTHERN HIGH PLAINS,12,LUBBOCK,303,,,0,,SORGHUM,"SORGHUM, GRAIN, NON-IRRIGATED - YIELD, MEASURED IN BU / ACRE",TOTAL,NOT SPECIFIED,29,
SURVEY,2009,YEAR,,COUNTY,TEXAS,48,SOUTHERN HIGH PLAINS,12,LUBBOCK,303,,,0,,SORGHUM,"SORGHUM, IRRIGATED - ACRES PLANTED",TOTAL,NOT SPECIFIED,"11,000",
SURVEY,2009,YEAR,,COUNTY,TEXAS,48,SOUTHERN HIGH PLAINS,12,LUBBOCK,303,,,0,,SORGHUM,"SORGHUM, NON-IRRIGATED - ACRES PLANTED",TOTAL,NOT SPECIFIED,"35,000",
SURVEY,2008,YEAR,,COUNTY,TEXAS,48,SOUTHERN HIGH PLAINS,12,LUBBOCK,303,,,0,,SORGHUM,SORGHUM - ACRES PLANTED,TOTAL,NOT SPECIFIED,"60,900",
SURVEY,2008,YEAR,,COUNTY,TEXAS,48,SOUTHERN HIGH PLAINS,12,LUBBOCK,303,,,0,,SORGHUM,"SORGHUM, GRAIN - ACRES HARVESTED",TOTAL,NOT SPECIFIED,"55,800",
SURVEY,2008,YEAR,,COUNTY,TEXAS,48,SOUTHERN HIGH PLAINS,12,LUBBOCK,303,,,0,,SORGHUM,"SORGHUM, GRAIN - PRODUCTION, MEASURED IN BU",TOTAL,NOT SPECIFIED,"3,138,000",
SURVEY,2008,YEAR,,COUNTY,TEXAS,48,SOUTHERN HIGH PLAINS,12,LUBBOCK,303,,,0,,SORGHUM,"SORGHUM, GRAIN - YIELD, MEASURED IN BU / ACRE",TOTAL,NOT SPECIFIED,56,
SURVEY,2008,YEAR,,COUNTY,TEXAS,48,SOUTHERN HIGH PLAINS,12,LUBBOCK,303,,,0,,SORGHUM,"SORGHUM, GRAIN, IRRIGATED - ACRES HARVESTED",TOTAL,NOT SPECIFIED,"28,800",
SURVEY,2008,YEAR,,COUNTY,TEXAS,48,SOUTHERN HIGH PLAINS,12,LUBBOCK,303,,,0,,SORGHUM,"SORGHUM, GRAIN, IRRIGATED - PRODUCTION, MEASURED IN BU",TOTAL,NOT SPECIFIED,"2,060,000",
SURVEY,2008,YEAR,,COUNTY,TEXAS,48,SOUTHERN HIGH PLAINS,12,LUBBOCK,303,,,0,,SORGHUM,"SORGHUM, GRAIN, IRRIGATED - YIELD, MEASURED IN BU / ACRE",TOTAL,NOT SPECIFIED,72,
SURVEY,2008,YEAR,,COUNTY,TEXAS,48,SOUTHERN HIGH PLAINS,12,LUBBOCK,303,,,0,,SORGHUM,"SORGHUM, GRAIN, NON-IRRIGATED - ACRES HARVESTED",TOTAL,NOT SPECIFIED,"27,000",
SURVEY,2008,YEAR,,COUNTY,TEXAS,48,SOUTHERN HIGH PLAINS,12,LUBBOCK,303,,,0,,SORGHUM,"SORGHUM, GRAIN, NON-IRRIGATED - PRODUCTION, MEASURED IN BU",TOTAL,NOT SPECIFIED,"1,078,000",
SURVEY,2008,YEAR,,COUNTY,TEXAS,48,SOUTHERN HIGH PLAINS,12,LUBBOCK,303,,,0,,SORGHUM,"SORGHUM, GRAIN, NON-IRRIGATED - YIELD, MEASURED IN BU / ACRE",TOTAL,NOT SPECIFIED,40,
SURVEY,2008,YEAR,,COUNTY,TEXAS,48,SOUTHERN HIGH PLAINS,12,LUBBOCK,303,,,0,,SORGHUM,"SORGHUM, IRRIGATED - ACRES PLANTED",TOTAL,NOT SPECIFIED,"33,000",
SURVEY,2008,YEAR,,COUNTY,TEXAS,48,SOUTHERN HIGH PLAINS,12,LUBBOCK,303,,,0,,SORGHUM,"SORGHUM, NON-IRRIGATED - ACRES PLANTED",TOTAL,NOT SPECIFIED,"27,900",
SURVEY,2007,YEAR,,COUNTY,TEXAS,48,SOUTHERN HIGH PLAINS,12,LUBBOCK,303,,,0,,SORGHUM,SORGHUM - ACRES PLANTED,TOTAL,NOT SPECIFIED,"27,900",
SURVEY,2007,YEAR,,COUNTY,TEXAS,48,SOUTHERN HIGH PLAINS,12,LUBBOCK,303,,,0,,SORGHUM,"SORGHUM, GRAIN - ACRES HARVESTED",TOTAL,NOT SPECIFIED,"26,900",
SURVEY,2007,YEAR,,COUNTY,TEXAS,48,SOUTHERN HIGH PLAINS,12,LUBBOCK,303,,,0,,SORGHUM,"SORGHUM, GRAIN - PRODUCTION, MEASURED IN BU",TOTAL,NOT SPECIFIED,"1,526,000",
SURVEY,2007,YEAR,,COUNTY,TEXAS,48,SOUTHERN HIGH PLAINS,12,LUBBOCK,303,,,0,,SORGHUM,"SORGHUM, GRAIN - YIELD, MEASURED IN BU / ACRE",TOTAL,NOT SPECIFIED,57,
SURVEY,2007,YEAR,,COUNTY,TEXAS,48,SOUTHERN HIGH PLAINS,12,LUBBOCK,303,,,0,,SORGHUM,"SORGHUM, GRAIN, IRRIGATED - ACRES HARVESTED",TOTAL,NOT SPECIFIED,"14,300",
SURVEY,2007,YEAR,,COUNTY,TEXAS,48,SOUTHERN HIGH PLAINS,12,LUBBOCK,303,,,0,,SORGHUM,"SORGHUM, GRAIN, IRRIGATED - PRODUCTION, MEASURED IN BU",TOTAL,NOT SPECIFIED,"1,073,000",
SURVEY,2007,YEAR,,COUNTY,TEXAS,48,SOUTHERN HIGH PLAINS,12,LUBBOCK,303,,,0,,SORGHUM,"SORGHUM, GRAIN, IRRIGATED - YIELD, MEASURED IN BU / ACRE",TOTAL,NOT SPECIFIED,75,
SURVEY,2007,YEAR,,COUNTY,TEXAS,48,SOUTHERN HIGH PLAINS,12,LUBBOCK,303,,,0,,SORGHUM,"SORGHUM, GRAIN, NON-IRRIGATED - ACRES HARVESTED",TOTAL,NOT SPECIFIED,"12,600",
SURVEY,2007,YEAR,,COUNTY,TEXAS,48,SOUTHERN HIGH PLAINS,12,LUBBOCK,303,,,0,,SORGHUM,"SORGHUM, GRAIN, NON-IRRIGATED - PRODUCTION, MEASURED IN BU",TOTAL,NOT SPECIFIED,"453,000",
SURVEY,2007,YEAR,,COUNTY,TEXAS,48,SOUTHERN HIGH PLAINS,12,LUBBOCK,303,,,0,,SORGHUM,"SORGHUM, GRAIN, NON-IRRIGATED - YIELD, MEASURED IN BU / ACRE",TOTAL,NOT SPECIFIED,36,
SURVEY,2007,YEAR,,COUNTY,TEXAS,48,SOUTHERN HIGH PLAINS,12,LUBBOCK,303,,,0,,SORGHUM,"SORGHUM, IRRIGATED - ACRES PLANTED",TOTAL,NOT SPECIFIED,"14,900",
SURVEY,2007,YEAR,,COUNTY,TEXAS,48,SOUTHERN HIGH PLAINS,12,LUBBOCK,303,,,0,,SORGHUM,"SORGHUM, NON-IRRIGATED - ACRES PLANTED",TOTAL,NOT SPECIFIED,"13,000",
SURVEY,2006,YEAR,,COUNTY,TEXAS,48,SOUTHERN HIGH PLAINS,12,LUBBOCK,303,,,0,,SORGHUM,SORGHUM - ACRES PLANTED,TOTAL,NOT SPECIFIED,"11,300",
SURVEY,2006,YEAR,,COUNTY,TEXAS,48,SOUTHERN HIGH PLAINS,12,LUBBOCK,303,,,0,,SORGHUM,"SORGHUM, GRAIN - ACRES HARVESTED",TOTAL,NOT SPECIFIED,"9,500",
SURVEY,2006,YEAR,,COUNTY,TEXAS,48,SOUTHERN HIGH PLAINS,12,LUBBOCK,303,,,0,,SORGHUM,"SORGHUM, GRAIN - PRODUCTION, MEASURED IN BU",TOTAL,NOT SPECIFIED,"349,000",
SURVEY,2006,YEAR,,COUNTY,TEXAS,48,SOUTHERN HIGH PLAINS,12,LUBBOCK,303,,,0,,SORGHUM,"SORGHUM, GRAIN - YIELD, MEASURED IN BU / ACRE",TOTAL,NOT SPECIFIED,37,
SURVEY,2006,YEAR,,COUNTY,TEXAS,48,SOUTHERN HIGH PLAINS,12,LUBBOCK,303,,,0,,SORGHUM,"SORGHUM, GRAIN, IRRIGATED - ACRES HARVESTED",TOTAL,NOT SPECIFIED,"2,400",
SURVEY,2006,YEAR,,COUNTY,TEXAS,48,SOUTHERN HIGH PLAINS,12,LUBBOCK,303,,,0,,SORGHUM,"SORGHUM, GRAIN, IRRIGATED - PRODUCTION, MEASURED IN BU",TOTAL,NOT SPECIFIED,"180,000",
SURVEY,2006,YEAR,,COUNTY,TEXAS,48,SOUTHERN HIGH PLAINS,12,LUBBOCK,303,,,0,,SORGHUM,"SORGHUM, GRAIN, IRRIGATED - YIELD, MEASURED IN BU / ACRE",TOTAL,NOT SPECIFIED,75,
SURVEY,2006,YEAR,,COUNTY,TEXAS,48,SOUTHERN HIGH PLAINS,12,LUBBOCK,303,,,0,,SORGHUM,"SORGHUM, GRAIN, NON-IRRIGATED - ACRES HARVESTED",TOTAL,NOT SPECIFIED,"7,100",
SURVEY,2006,YEAR,,COUNTY,TEXAS,48,SOUTHERN HIGH PLAINS,12,LUBBOCK,303,,,0,,SORGHUM,"SORGHUM, GRAIN, NON-IRRIGATED - PRODUCTION, MEASURED IN BU",TOTAL,NOT SPECIFIED,"169,000",
SURVEY,2006,YEAR,,COUNTY,TEXAS,48,SOUTHERN HIGH PLAINS,12,LUBBOCK,303,,,0,,SORGHUM,"SORGHUM, GRAIN, NON-IRRIGATED - YIELD, MEASURED IN BU / ACRE",TOTAL,NOT SPECIFIED,24,
SURVEY,2006,YEAR,,COUNTY,TEXAS,48,SOUTHERN HIGH PLAINS,12,LUBBOCK,303,,,0,,SORGHUM,"SORGHUM, IRRIGATED - ACRES PLANTED",TOTAL,NOT SPECIFIED,"2,600",
SURVEY,2006,YEAR,,COUNTY,TEXAS,48,SOUTHERN HIGH PLAINS,12,LUBBOCK,303,,,0,,SORGHUM,"SORGHUM, NON-IRRIGATED - ACRES PLANTED",TOTAL,NOT SPECIFIED,"8,700",
SURVEY,2005,YEAR,,COUNTY,TEXAS,48,SOUTHERN HIGH PLAINS,12,LUBBOCK,303,,,0,,SORGHUM,SORGHUM - ACRES PLANTED,TOTAL,NOT SPECIFIED,"7,800",
SURVEY,2005,YEAR,,COUNTY,TEXAS,48,SOUTHERN HIGH PLAINS,12,LUBBOCK,303,,,0,,SORGHUM,"SORGHUM, GRAIN - ACRES HARVESTED",TOTAL,NOT SPECIFIED,"7,400",
SURVEY,2005,YEAR,,COUNTY,TEXAS,48,SOUTHERN HIGH PLAINS,12,LUBBOCK,303,,,0,,SORGHUM,"SORGHUM, GRAIN - PRODUCTION, MEASURED IN BU",TOTAL,NOT SPECIFIED,"380,000",
SURVEY,2005,YEAR,,COUNTY,TEXAS,48,SOUTHERN HIGH PLAINS,12,LUBBOCK,303,,,0,,SORGHUM,"SORGHUM, GRAIN - YIELD, MEASURED IN BU / ACRE",TOTAL,NOT SPECIFIED,51.4,
SURVEY,2005,YEAR,,COUNTY,TEXAS,48,SOUTHERN HIGH PLAINS,12,LUBBOCK,303,,,0,,SORGHUM,"SORGHUM, GRAIN, IRRIGATED - ACRES HARVESTED",TOTAL,NOT SPECIFIED,"3,400",
SURVEY,2005,YEAR,,COUNTY,TEXAS,48,SOUTHERN HIGH PLAINS,12,LUBBOCK,303,,,0,,SORGHUM,"SORGHUM, GRAIN, IRRIGATED - PRODUCTION, MEASURED IN BU",TOTAL,NOT SPECIFIED,"241,000",
SURVEY,2005,YEAR,,COUNTY,TEXAS,48,SOUTHERN HIGH PLAINS,12,LUBBOCK,303,,,0,,SORGHUM,"SORGHUM, GRAIN, IRRIGATED - YIELD, MEASURED IN BU / ACRE",TOTAL,NOT SPECIFIED,70.9,
SURVEY,2005,YEAR,,COUNTY,TEXAS,48,SOUTHERN HIGH PLAINS,12,LUBBOCK,303,,,0,,SORGHUM,"SORGHUM, GRAIN, NON-IRRIGATED - ACRES HARVESTED",TOTAL,NOT SPECIFIED,"4,000",
SURVEY,2005,YEAR,,COUNTY,TEXAS,48,SOUTHERN HIGH PLAINS,12,LUBBOCK,303,,,0,,SORGHUM,"SORGHUM, GRAIN, NON-IRRIGATED - PRODUCTION, MEASURED IN BU",TOTAL,NOT SPECIFIED,"139,000",
SURVEY,2005,YEAR,,COUNTY,TEXAS,48,SOUTHERN HIGH PLAINS,12,LUBBOCK,303,,,0,,SORGHUM,"SORGHUM, GRAIN, NON-IRRIGATED - YIELD, MEASURED IN BU / ACRE",TOTAL,NOT SPECIFIED,34.8,
SURVEY,2005,YEAR,,COUNTY,TEXAS,48,SOUTHERN HIGH PLAINS,12,LUBBOCK,303,,,0,,SORGHUM,"SORGHUM, IRRIGATED - ACRES PLANTED",TOTAL,NOT SPECIFIED,"3,500",
SURVEY,2005,YEAR,,COUNTY,TEXAS,48,SOUTHERN HIGH PLAINS,12,LUBBOCK,303,,,0,,SORGHUM,"SORGHUM, NON-IRRIGATED - ACRES PLANTED",TOTAL,NOT SPECIFIED,"4,300",
SURVEY,2004,YEAR,,COUNTY,TEXAS,48,SOUTHERN HIGH PLAINS,12,LUBBOCK,303,,,0,,SORGHUM,SORGHUM - ACRES PLANTED,TOTAL,NOT SPECIFIED,"6,300",
SURVEY,2004,YEAR,,COUNTY,TEXAS,48,SOUTHERN HIGH PLAINS,12,LUBBOCK,303,,,0,,SORGHUM,"SORGHUM, GRAIN - ACRES HARVESTED",TOTAL,NOT SPECIFIED,"5,700",
SURVEY,2004,YEAR,,COUNTY,TEXAS,48,SOUTHERN HIGH PLAINS,12,LUBBOCK,303,,,0,,SORGHUM,"SORGHUM, GRAIN - PRODUCTION, MEASURED IN BU",TOTAL,NOT SPECIFIED,"248,800",
SURVEY,2004,YEAR,,COUNTY,TEXAS,48,SOUTHERN HIGH PLAINS,12,LUBBOCK,303,,,0,,SORGHUM,"SORGHUM, GRAIN - YIELD, MEASURED IN BU / ACRE",TOTAL,NOT SPECIFIED,43.6,
SURVEY,2004,YEAR,,COUNTY,TEXAS,48,SOUTHERN HIGH PLAINS,12,LUBBOCK,303,,,0,,SORGHUM,"SORGHUM, GRAIN, IRRIGATED - ACRES HARVESTED",TOTAL,NOT SPECIFIED,"1,700",
SURVEY,2004,YEAR,,COUNTY,TEXAS,48,SOUTHERN HIGH PLAINS,12,LUBBOCK,303,,,0,,SORGHUM,"SORGHUM, GRAIN, IRRIGATED - PRODUCTION, MEASURED IN BU",TOTAL,NOT SPECIFIED,"63,000",
SURVEY,2004,YEAR,,COUNTY,TEXAS,48,SOUTHERN HIGH PLAINS,12,LUBBOCK,303,,,0,,SORGHUM,"SORGHUM, GRAIN, IRRIGATED - YIELD, MEASURED IN BU / ACRE",TOTAL,NOT SPECIFIED,37.1,
SURVEY,2004,YEAR,,COUNTY,TEXAS,48,SOUTHERN HIGH PLAINS,12,LUBBOCK,303,,,0,,SORGHUM,"SORGHUM, GRAIN, NON-IRRIGATED - ACRES HARVESTED",TOTAL,NOT SPECIFIED,"4,000",
SURVEY,2004,YEAR,,COUNTY,TEXAS,48,SOUTHERN HIGH PLAINS,12,LUBBOCK,303,,,0,,SORGHUM,"SORGHUM, GRAIN, NON-IRRIGATED - PRODUCTION, MEASURED IN BU",TOTAL,NOT SPECIFIED,"185,800",
SURVEY,2004,YEAR,,COUNTY,TEXAS,48,SOUTHERN HIGH PLAINS,12,LUBBOCK,303,,,0,,SORGHUM,"SORGHUM, GRAIN, NON-IRRIGATED - YIELD, MEASURED IN BU / ACRE",TOTAL,NOT SPECIFIED,46.5,
SURVEY,2004,YEAR,,COUNTY,TEXAS,48,SOUTHERN HIGH PLAINS,12,LUBBOCK,303,,,0,,SORGHUM,"SORGHUM, IRRIGATED - ACRES PLANTED",TOTAL,NOT SPECIFIED,"1,800",
SURVEY,2004,YEAR,,COUNTY,TEXAS,48,SOUTHERN HIGH PLAINS,12,LUBBOCK,303,,,0,,SORGHUM,"SORGHUM, NON-IRRIGATED - ACRES PLANTED",TOTAL,NOT SPECIFIED,"4,500",
SURVEY,2003,YEAR,,COUNTY,TEXAS,48,SOUTHERN HIGH PLAINS,12,LUBBOCK,303,,,0,,SORGHUM,SORGHUM - ACRES PLANTED,TOTAL,NOT SPECIFIED,"79,700",
SURVEY,2003,YEAR,,COUNTY,TEXAS,48,SOUTHERN HIGH PLAINS,12,LUBBOCK,303,,,0,,SORGHUM,"SORGHUM, GRAIN - ACRES HARVESTED",TOTAL,NOT SPECIFIED,"70,000",
SURVEY,2003,YEAR,,COUNTY,TEXAS,48,SOUTHERN HIGH PLAINS,12,LUBBOCK,303,,,0,,SORGHUM,"SORGHUM, GRAIN - PRODUCTION, MEASURED IN BU",TOTAL,NOT SPECIFIED,"3,052,000",
SURVEY,2003,YEAR,,COUNTY,TEXAS,48,SOUTHERN HIGH PLAINS,12,LUBBOCK,303,,,0,,SORGHUM,"SORGHUM, GRAIN - YIELD, MEASURED IN BU / ACRE",TOTAL,NOT SPECIFIED,43.6,
SURVEY,2003,YEAR,,COUNTY,TEXAS,48,SOUTHERN HIGH PLAINS,12,LUBBOCK,303,,,0,,SORGHUM,"SORGHUM, GRAIN, IRRIGATED - ACRES HARVESTED",TOTAL,NOT SPECIFIED,"39,800",
SURVEY,2003,YEAR,,COUNTY,TEXAS,48,SOUTHERN HIGH PLAINS,12,LUBBOCK,303,,,0,,SORGHUM,"SORGHUM, GRAIN, IRRIGATED - PRODUCTION, MEASURED IN BU",TOTAL,NOT SPECIFIED,"2,100,000",
SURVEY,2003,YEAR,,COUNTY,TEXAS,48,SOUTHERN HIGH PLAINS,12,LUBBOCK,303,,,0,,SORGHUM,"SORGHUM, GRAIN, IRRIGATED - YIELD, MEASURED IN BU / ACRE",TOTAL,NOT SPECIFIED,52.8,
SURVEY,2003,YEAR,,COUNTY,TEXAS,48,SOUTHERN HIGH PLAINS,12,LUBBOCK,303,,,0,,SORGHUM,"SORGHUM, GRAIN, NON-IRRIGATED - ACRES HARVESTED",TOTAL,NOT SPECIFIED,"30,200",
SURVEY,2003,YEAR,,COUNTY,TEXAS,48,SOUTHERN HIGH PLAINS,12,LUBBOCK,303,,,0,,SORGHUM,"SORGHUM, GRAIN, NON-IRRIGATED - PRODUCTION, MEASURED IN BU",TOTAL,NOT SPECIFIED,"952,000",
SURVEY,2003,YEAR,,COUNTY,TEXAS,48,SOUTHERN HIGH PLAINS,12,LUBBOCK,303,,,0,,SORGHUM,"SORGHUM, GRAIN, NON-IRRIGATED - YIELD, MEASURED IN BU / ACRE",TOTAL,NOT SPECIFIED,31.5,
SURVEY,2003,YEAR,,COUNTY,TEXAS,48,SOUTHERN HIGH PLAINS,12,LUBBOCK,303,,,0,,SORGHUM,"SORGHUM, IRRIGATED - ACRES PLANTED",TOTAL,NOT SPECIFIED,"42,800",
SURVEY,2003,YEAR,,COUNTY,TEXAS,48,SOUTHERN HIGH PLAINS,12,LUBBOCK,303,,,0,,SORGHUM,"SORGHUM, NON-IRRIGATED - ACRES PLANTED",TOTAL,NOT SPECIFIED,"36,900",
SURVEY,2002,YEAR,,COUNTY,TEXAS,48,SOUTHERN HIGH PLAINS,12,LUBBOCK,303,,,0,,SORGHUM,SORGHUM - ACRES PLANTED,TOTAL,NOT SPECIFIED,"47,600",
SURVEY,2002,YEAR,,COUNTY,TEXAS,48,SOUTHERN HIGH PLAINS,12,LUBBOCK,303,,,0,,SORGHUM,"SORGHUM, GRAIN - ACRES HARVESTED",TOTAL,NOT SPECIFIED,"42,800",
SURVEY,2002,YEAR,,COUNTY,TEXAS,48,SOUTHERN HIGH PLAINS,12,LUBBOCK,303,,,0,,SORGHUM,"SORGHUM, GRAIN - PRODUCTION, MEASURED IN BU",TOTAL,NOT SPECIFIED,"1,630,000",
SURVEY,2002,YEAR,,COUNTY,TEXAS,48,SOUTHERN HIGH PLAINS,12,LUBBOCK,303,,,0,,SORGHUM,"SORGHUM, GRAIN - YIELD, MEASURED IN BU / ACRE",TOTAL,NOT SPECIFIED,38.1,
SURVEY,2002,YEAR,,COUNTY,TEXAS,48,SOUTHERN HIGH PLAINS,12,LUBBOCK,303,,,0,,SORGHUM,"SORGHUM, GRAIN, IRRIGATED - ACRES HARVESTED",TOTAL,NOT SPECIFIED,"29,300",
SURVEY,2002,YEAR,,COUNTY,TEXAS,48,SOUTHERN HIGH PLAINS,12,LUBBOCK,303,,,0,,SORGHUM,"SORGHUM, GRAIN, IRRIGATED - PRODUCTION, MEASURED IN BU",TOTAL,NOT SPECIFIED,"1,230,000",
SURVEY,2002,YEAR,,COUNTY,TEXAS,48,SOUTHERN HIGH PLAINS,12,LUBBOCK,303,,,0,,SORGHUM,"SORGHUM, GRAIN, IRRIGATED - YIELD, MEASURED IN BU / ACRE",TOTAL,NOT SPECIFIED,42,
SURVEY,2002,YEAR,,COUNTY,TEXAS,48,SOUTHERN HIGH PLAINS,12,LUBBOCK,303,,,0,,SORGHUM,"SORGHUM, GRAIN, NON-IRRIGATED - ACRES HARVESTED",TOTAL,NOT SPECIFIED,"13,500",
SURVEY,2002,YEAR,,COUNTY,TEXAS,48,SOUTHERN HIGH PLAINS,12,LUBBOCK,303,,,0,,SORGHUM,"SORGHUM, GRAIN, NON-IRRIGATED - PRODUCTION, MEASURED IN BU",TOTAL,NOT SPECIFIED,"400,000",
SURVEY,2002,YEAR,,COUNTY,TEXAS,48,SOUTHERN HIGH PLAINS,12,LUBBOCK,303,,,0,,SORGHUM,"SORGHUM, GRAIN, NON-IRRIGATED - YIELD, MEASURED IN BU / ACRE",TOTAL,NOT SPECIFIED,29.6,
SURVEY,2002,YEAR,,COUNTY,TEXAS,48,SOUTHERN HIGH PLAINS,12,LUBBOCK,303,,,0,,SORGHUM,"SORGHUM, IRRIGATED - ACRES PLANTED",TOTAL,NOT SPECIFIED,"30,400",
SURVEY,2002,YEAR,,COUNTY,TEXAS,48,SOUTHERN HIGH PLAINS,12,LUBBOCK,303,,,0,,SORGHUM,"SORGHUM, NON-IRRIGATED - ACRES PLANTED",TOTAL,NOT SPECIFIED,"17,200",
SURVEY,2001,YEAR,,COUNTY,TEXAS,48,SOUTHERN HIGH PLAINS,12,LUBBOCK,303,,,0,,SORGHUM,SORGHUM - ACRES PLANTED,TOTAL,NOT SPECIFIED,"81,600",
SURVEY,2001,YEAR,,COUNTY,TEXAS,48,SOUTHERN HIGH PLAINS,12,LUBBOCK,303,,,0,,SORGHUM,"SORGHUM, GRAIN - ACRES HARVESTED",TOTAL,NOT SPECIFIED,"73,000",
SURVEY,2001,YEAR,,COUNTY,TEXAS,48,SOUTHERN HIGH PLAINS,12,LUBBOCK,303,,,0,,SORGHUM,"SORGHUM, GRAIN - PRODUCTION, MEASURED IN BU",TOTAL,NOT SPECIFIED,"2,304,000",
SURVEY,2001,YEAR,,COUNTY,TEXAS,48,SOUTHERN HIGH PLAINS,12,LUBBOCK,303,,,0,,SORGHUM,"SORGHUM, GRAIN - YIELD, MEASURED IN BU / ACRE",TOTAL,NOT SPECIFIED,31.6,
SURVEY,2001,YEAR,,COUNTY,TEXAS,48,SOUTHERN HIGH PLAINS,12,LUBBOCK,303,,,0,,SORGHUM,"SORGHUM, GRAIN, IRRIGATED - ACRES HARVESTED",TOTAL,NOT SPECIFIED,"27,000",
SURVEY,2001,YEAR,,COUNTY,TEXAS,48,SOUTHERN HIGH PLAINS,12,LUBBOCK,303,,,0,,SORGHUM,"SORGHUM, GRAIN, IRRIGATED - PRODUCTION, MEASURED IN BU",TOTAL,NOT SPECIFIED,"1,277,000",
SURVEY,2001,YEAR,,COUNTY,TEXAS,48,SOUTHERN HIGH PLAINS,12,LUBBOCK,303,,,0,,SORGHUM,"SORGHUM, GRAIN, IRRIGATED - YIELD, MEASURED IN BU / ACRE",TOTAL,NOT SPECIFIED,47.3,
SURVEY,2001,YEAR,,COUNTY,TEXAS,48,SOUTHERN HIGH PLAINS,12,LUBBOCK,303,,,0,,SORGHUM,"SORGHUM, GRAIN, NON-IRRIGATED - ACRES HARVESTED",TOTAL,NOT SPECIFIED,"46,000",
SURVEY,2001,YEAR,,COUNTY,TEXAS,48,SOUTHERN HIGH PLAINS,12,LUBBOCK,303,,,0,,SORGHUM,"SORGHUM, GRAIN, NON-IRRIGATED - PRODUCTION, MEASURED IN BU",TOTAL,NOT SPECIFIED,"1,027,000",
SURVEY,2001,YEAR,,COUNTY,TEXAS,48,SOUTHERN HIGH PLAINS,12,LUBBOCK,303,,,0,,SORGHUM,"SORGHUM, GRAIN, NON-IRRIGATED - YIELD, MEASURED IN BU / ACRE",TOTAL,NOT SPECIFIED,22.3,
SURVEY,2001,YEAR,,COUNTY,TEXAS,48,SOUTHERN HIGH PLAINS,12,LUBBOCK,303,,,0,,SORGHUM,"SORGHUM, IRRIGATED - ACRES PLANTED",TOTAL,NOT SPECIFIED,"29,600",
SURVEY,2001,YEAR,,COUNTY,TEXAS,48,SOUTHERN HIGH PLAINS,12,LUBBOCK,303,,,0,,SORGHUM,"SORGHUM, NON-IRRIGATED - ACRES PLANTED",TOTAL,NOT SPECIFIED,"52,000",
SURVEY,2000,YEAR,,COUNTY,TEXAS,48,SOUTHERN HIGH PLAINS,12,LUBBOCK,303,,,0,,SORGHUM,SORGHUM - ACRES PLANTED,TOTAL,NOT SPECIFIED,"21,400",
SURVEY,2000,YEAR,,COUNTY,TEXAS,48,SOUTHERN HIGH PLAINS,12,LUBBOCK,303,,,0,,SORGHUM,"SORGHUM, GRAIN - ACRES HARVESTED",TOTAL,NOT SPECIFIED,"15,000",
SURVEY,2000,YEAR,,COUNTY,TEXAS,48,SOUTHERN HIGH PLAINS,12,LUBBOCK,303,,,0,,SORGHUM,"SORGHUM, GRAIN - PRODUCTION, MEASURED IN BU",TOTAL,NOT SPECIFIED,"570,000",
SURVEY,2000,YEAR,,COUNTY,TEXAS,48,SOUTHERN HIGH PLAINS,12,LUBBOCK,303,,,0,,SORGHUM,"SORGHUM, GRAIN - YIELD, MEASURED IN BU / ACRE",TOTAL,NOT SPECIFIED,38,
SURVEY,2000,YEAR,,COUNTY,TEXAS,48,SOUTHERN HIGH PLAINS,12,LUBBOCK,303,,,0,,SORGHUM,"SORGHUM, GRAIN, IRRIGATED - ACRES HARVESTED",TOTAL,NOT SPECIFIED,"9,600",
SURVEY,2000,YEAR,,COUNTY,TEXAS,48,SOUTHERN HIGH PLAINS,12,LUBBOCK,303,,,0,,SORGHUM,"SORGHUM, GRAIN, IRRIGATED - PRODUCTION, MEASURED IN BU",TOTAL,NOT SPECIFIED,"463,000",
SURVEY,2000,YEAR,,COUNTY,TEXAS,48,SOUTHERN HIGH PLAINS,12,LUBBOCK,303,,,0,,SORGHUM,"SORGHUM, GRAIN, IRRIGATED - YIELD, MEASURED IN BU / ACRE",TOTAL,NOT SPECIFIED,48.2,
SURVEY,2000,YEAR,,COUNTY,TEXAS,48,SOUTHERN HIGH PLAINS,12,LUBBOCK,303,,,0,,SORGHUM,"SORGHUM, GRAIN, NON-IRRIGATED - ACRES HARVESTED",TOTAL,NOT SPECIFIED,"5,400",
SURVEY,2000,YEAR,,COUNTY,TEXAS,48,SOUTHERN HIGH PLAINS,12,LUBBOCK,303,,,0,,SORGHUM,"SORGHUM, GRAIN, NON-IRRIGATED - PRODUCTION, MEASURED IN BU",TOTAL,NOT SPECIFIED,"107,000",
SURVEY,2000,YEAR,,COUNTY,TEXAS,48,SOUTHERN HIGH PLAINS,12,LUBBOCK,303,,,0,,SORGHUM,"SORGHUM, GRAIN, NON-IRRIGATED - YIELD, MEASURED IN BU / ACRE",TOTAL,NOT SPECIFIED,19.8,
SURVEY,2000,YEAR,,COUNTY,TEXAS,48,SOUTHERN HIGH PLAINS,12,LUBBOCK,303,,,0,,SORGHUM,"SORGHUM, IRRIGATED - ACRES PLANTED",TOTAL,NOT SPECIFIED,"10,500",
SURVEY,2000,YEAR,,COUNTY,TEXAS,48,SOUTHERN HIGH PLAINS,12,LUBBOCK,303,,,0,,SORGHUM,"SORGHUM, NON-IRRIGATED - ACRES PLANTED",TOTAL,NOT SPECIFIED,"10,900",
SURVEY,1999,YEAR,,COUNTY,TEXAS,48,SOUTHERN HIGH PLAINS,12,LUBBOCK,303,,,0,,SORGHUM,SORGHUM - ACRES PLANTED,TOTAL,NOT SPECIFIED,"38,800",
SURVEY,1999,YEAR,,COUNTY,TEXAS,48,SOUTHERN HIGH PLAINS,12,LUBBOCK,303,,,0,,SORGHUM,"SORGHUM, GRAIN - ACRES HARVESTED",TOTAL,NOT SPECIFIED,"37,300",
SURVEY,1999,YEAR,,COUNTY,TEXAS,48,SOUTHERN HIGH PLAINS,12,LUBBOCK,303,,,0,,SORGHUM,"SORGHUM, GRAIN - PRODUCTION, MEASURED IN BU",TOTAL,NOT SPECIFIED,"1,570,000",
SURVEY,1999,YEAR,,COUNTY,TEXAS,48,SOUTHERN HIGH PLAINS,12,LUBBOCK,303,,,0,,SORGHUM,"SORGHUM, GRAIN - YIELD, MEASURED IN BU / ACRE",TOTAL,NOT SPECIFIED,42.1,
SURVEY,1999,YEAR,,COUNTY,TEXAS,48,SOUTHERN HIGH PLAINS,12,LUBBOCK,303,,,0,,SORGHUM,"SORGHUM, GRAIN, IRRIGATED - ACRES HARVESTED",TOTAL,NOT SPECIFIED,"23,200",
SURVEY,1999,YEAR,,COUNTY,TEXAS,48,SOUTHERN HIGH PLAINS,12,LUBBOCK,303,,,0,,SORGHUM,"SORGHUM, GRAIN, IRRIGATED - PRODUCTION, MEASURED IN BU",TOTAL,NOT SPECIFIED,"1,113,000",
SURVEY,1999,YEAR,,COUNTY,TEXAS,48,SOUTHERN HIGH PLAINS,12,LUBBOCK,303,,,0,,SORGHUM,"SORGHUM, GRAIN, IRRIGATED - YIELD, MEASURED IN BU / ACRE",TOTAL,NOT SPECIFIED,48,
SURVEY,1999,YEAR,,COUNTY,TEXAS,48,SOUTHERN HIGH PLAINS,12,LUBBOCK,303,,,0,,SORGHUM,"SORGHUM, GRAIN, NON-IRRIGATED - ACRES HARVESTED",TOTAL,NOT SPECIFIED,"14,100",
SURVEY,1999,YEAR,,COUNTY,TEXAS,48,SOUTHERN HIGH PLAINS,12,LUBBOCK,303,,,0,,SORGHUM,"SORGHUM, GRAIN, NON-IRRIGATED - PRODUCTION, MEASURED IN BU",TOTAL,NOT SPECIFIED,"457,000",
SURVEY,1999,YEAR,,COUNTY,TEXAS,48,SOUTHERN HIGH PLAINS,12,LUBBOCK,303,,,0,,SORGHUM,"SORGHUM, GRAIN, NON-IRRIGATED - YIELD, MEASURED IN BU / ACRE",TOTAL,NOT SPECIFIED,32.4,
SURVEY,1999,YEAR,,COUNTY,TEXAS,48,SOUTHERN HIGH PLAINS,12,LUBBOCK,303,,,0,,SORGHUM,"SORGHUM, IRRIGATED - ACRES PLANTED",TOTAL,NOT SPECIFIED,"23,700",
SURVEY,1999,YEAR,,COUNTY,TEXAS,48,SOUTHERN HIGH PLAINS,12,LUBBOCK,303,,,0,,SORGHUM,"SORGHUM, NON-IRRIGATED - ACRES PLANTED",TOTAL,NOT SPECIFIED,"15,100",
SURVEY,1998,YEAR,,COUNTY,TEXAS,48,SOUTHERN HIGH PLAINS,12,LUBBOCK,303,,,0,,SORGHUM,SORGHUM - ACRES PLANTED,TOTAL,NOT SPECIFIED,"57,200",
SURVEY,1998,YEAR,,COUNTY,TEXAS,48,SOUTHERN HIGH PLAINS,12,LUBBOCK,303,,,0,,SORGHUM,"SORGHUM, GRAIN - ACRES HARVESTED",TOTAL,NOT SPECIFIED,"21,900",
SURVEY,1998,YEAR,,COUNTY,TEXAS,48,SOUTHERN HIGH PLAINS,12,LUBBOCK,303,,,0,,SORGHUM,"SORGHUM, GRAIN - PRODUCTION, MEASURED IN BU",TOTAL,NOT SPECIFIED,"668,000",
SURVEY,1998,YEAR,,COUNTY,TEXAS,48,SOUTHERN HIGH PLAINS,12,LUBBOCK,303,,,0,,SORGHUM,"SORGHUM, GRAIN - YIELD, MEASURED IN BU / ACRE",TOTAL,NOT SPECIFIED,30.5,
SURVEY,1998,YEAR,,COUNTY,TEXAS,48,SOUTHERN HIGH PLAINS,12,LUBBOCK,303,,,0,,SORGHUM,"SORGHUM, GRAIN, IRRIGATED - ACRES HARVESTED",TOTAL,NOT SPECIFIED,"8,400",
SURVEY,1998,YEAR,,COUNTY,TEXAS,48,SOUTHERN HIGH PLAINS,12,LUBBOCK,303,,,0,,SORGHUM,"SORGHUM, GRAIN, IRRIGATED - PRODUCTION, MEASURED IN BU",TOTAL,NOT SPECIFIED,"423,000",
SURVEY,1998,YEAR,,COUNTY,TEXAS,48,SOUTHERN HIGH PLAINS,12,LUBBOCK,303,,,0,,SORGHUM,"SORGHUM, GRAIN, IRRIGATED - YIELD, MEASURED IN BU / ACRE",TOTAL,NOT SPECIFIED,50.4,
SURVEY,1998,YEAR,,COUNTY,TEXAS,48,SOUTHERN HIGH PLAINS,12,LUBBOCK,303,,,0,,SORGHUM,"SORGHUM, GRAIN, NON-IRRIGATED - ACRES HARVESTED",TOTAL,NOT SPECIFIED,"13,500",
SURVEY,1998,YEAR,,COUNTY,TEXAS,48,SOUTHERN HIGH PLAINS,12,LUBBOCK,303,,,0,,SORGHUM,"SORGHUM, GRAIN, NON-IRRIGATED - PRODUCTION, MEASURED IN BU",TOTAL,NOT SPECIFIED,"245,000",
SURVEY,1998,YEAR,,COUNTY,TEXAS,48,SOUTHERN HIGH PLAINS,12,LUBBOCK,303,,,0,,SORGHUM,"SORGHUM, GRAIN, NON-IRRIGATED - YIELD, MEASURED IN BU / ACRE",TOTAL,NOT SPECIFIED,18.1,
SURVEY,1998,YEAR,,COUNTY,TEXAS,48,SOUTHERN HIGH PLAINS,12,LUBBOCK,303,,,0,,SORGHUM,"SORGHUM, IRRIGATED - ACRES PLANTED",TOTAL,NOT SPECIFIED,"11,100",
SURVEY,1998,YEAR,,COUNTY,TEXAS,48,SOUTHERN HIGH PLAINS,12,LUBBOCK,303,,,0,,SORGHUM,"SORGHUM, NON-IRRIGATED - ACRES PLANTED",TOTAL,NOT SPECIFIED,"46,100",
SURVEY,1997,YEAR,,COUNTY,TEXAS,48,SOUTHERN HIGH PLAINS,12,LUBBOCK,303,,,0,,SORGHUM,SORGHUM - ACRES PLANTED,TOTAL,NOT SPECIFIED,"25,100",
SURVEY,1997,YEAR,,COUNTY,TEXAS,48,SOUTHERN HIGH PLAINS,12,LUBBOCK,303,,,0,,SORGHUM,"SORGHUM, GRAIN - ACRES HARVESTED",TOTAL,NOT SPECIFIED,"23,900",
SURVEY,1997,YEAR,,COUNTY,TEXAS,48,SOUTHERN HIGH PLAINS,12,LUBBOCK,303,,,0,,SORGHUM,"SORGHUM, GRAIN - PRODUCTION, MEASURED IN BU",TOTAL,NOT SPECIFIED,"1,064,000",
SURVEY,1997,YEAR,,COUNTY,TEXAS,48,SOUTHERN HIGH PLAINS,12,LUBBOCK,303,,,0,,SORGHUM,"SORGHUM, GRAIN - YIELD, MEASURED IN BU / ACRE",TOTAL,NOT SPECIFIED,44.5,
SURVEY,1997,YEAR,,COUNTY,TEXAS,48,SOUTHERN HIGH PLAINS,12,LUBBOCK,303,,,0,,SORGHUM,"SORGHUM, GRAIN, IRRIGATED - ACRES HARVESTED",TOTAL,NOT SPECIFIED,"13,300",
SURVEY,1997,YEAR,,COUNTY,TEXAS,48,SOUTHERN HIGH PLAINS,12,LUBBOCK,303,,,0,,SORGHUM,"SORGHUM, GRAIN, IRRIGATED - PRODUCTION, MEASURED IN BU",TOTAL,NOT SPECIFIED,"702,000",
SURVEY,1997,YEAR,,COUNTY,TEXAS,48,SOUTHERN HIGH PLAINS,12,LUBBOCK,303,,,0,,SORGHUM,"SORGHUM, GRAIN, IRRIGATED - YIELD, MEASURED IN BU / ACRE",TOTAL,NOT SPECIFIED,52.8,
SURVEY,1997,YEAR,,COUNTY,TEXAS,48,SOUTHERN HIGH PLAINS,12,LUBBOCK,303,,,0,,SORGHUM,"SORGHUM, GRAIN, NON-IRRIGATED - ACRES HARVESTED",TOTAL,NOT SPECIFIED,"10,600",
SURVEY,1997,YEAR,,COUNTY,TEXAS,48,SOUTHERN HIGH PLAINS,12,LUBBOCK,303,,,0,,SORGHUM,"SORGHUM, GRAIN, NON-IRRIGATED - PRODUCTION, MEASURED IN BU",TOTAL,NOT SPECIFIED,"362,000",
SURVEY,1997,YEAR,,COUNTY,TEXAS,48,SOUTHERN HIGH PLAINS,12,LUBBOCK,303,,,0,,SORGHUM,"SORGHUM, GRAIN, NON-IRRIGATED - YIELD, MEASURED IN BU / ACRE",TOTAL,NOT SPECIFIED,34.2,
SURVEY,1997,YEAR,,COUNTY,TEXAS,48,SOUTHERN HIGH PLAINS,12,LUBBOCK,303,,,0,,SORGHUM,"SORGHUM, IRRIGATED - ACRES PLANTED",TOTAL,NOT SPECIFIED,"14,000",
SURVEY,1997,YEAR,,COUNTY,TEXAS,48,SOUTHERN HIGH PLAINS,12,LUBBOCK,303,,,0,,SORGHUM,"SORGHUM, NON-IRRIGATED - ACRES PLANTED",TOTAL,NOT SPECIFIED,"11,100",
SURVEY,1996,YEAR,,COUNTY,TEXAS,48,SOUTHERN HIGH PLAINS,12,LUBBOCK,303,,,0,,SORGHUM,SORGHUM - ACRES PLANTED,TOTAL,NOT SPECIFIED,"31,200",
SURVEY,1996,YEAR,,COUNTY,TEXAS,48,SOUTHERN HIGH PLAINS,12,LUBBOCK,303,,,0,,SORGHUM,"SORGHUM, GRAIN - ACRES HARVESTED",TOTAL,NOT SPECIFIED,"29,800",
SURVEY,1996,YEAR,,COUNTY,TEXAS,48,SOUTHERN HIGH PLAINS,12,LUBBOCK,303,,,0,,SORGHUM,"SORGHUM, GRAIN - PRODUCTION, MEASURED IN BU",TOTAL,NOT SPECIFIED,"1,421,000",
SURVEY,1996,YEAR,,COUNTY,TEXAS,48,SOUTHERN HIGH PLAINS,12,LUBBOCK,303,,,0,,SORGHUM,"SORGHUM, GRAIN - YIELD, MEASURED IN BU / ACRE",TOTAL,NOT SPECIFIED,47.7,
SURVEY,1996,YEAR,,COUNTY,TEXAS,48,SOUTHERN HIGH PLAINS,12,LUBBOCK,303,,,0,,SORGHUM,"SORGHUM, GRAIN, IRRIGATED - ACRES HARVESTED",TOTAL,NOT SPECIFIED,"8,600",
SURVEY,1996,YEAR,,COUNTY,TEXAS,48,SOUTHERN HIGH PLAINS,12,LUBBOCK,303,,,0,,SORGHUM,"SORGHUM, GRAIN, IRRIGATED - PRODUCTION, MEASURED IN BU",TOTAL,NOT SPECIFIED,"629,000",
SURVEY,1996,YEAR,,COUNTY,TEXAS,48,SOUTHERN HIGH PLAINS,12,LUBBOCK,303,,,0,,SORGHUM,"SORGHUM, GRAIN, IRRIGATED - YIELD, MEASURED IN BU / ACRE",TOTAL,NOT SPECIFIED,73.1,
SURVEY,1996,YEAR,,COUNTY,TEXAS,48,SOUTHERN HIGH PLAINS,12,LUBBOCK,303,,,0,,SORGHUM,"SORGHUM, GRAIN, NON-IRRIGATED - ACRES HARVESTED",TOTAL,NOT SPECIFIED,"21,200",
SURVEY,1996,YEAR,,COUNTY,TEXAS,48,SOUTHERN HIGH PLAINS,12,LUBBOCK,303,,,0,,SORGHUM,"SORGHUM, GRAIN, NON-IRRIGATED - PRODUCTION, MEASURED IN BU",TOTAL,NOT SPECIFIED,"792,000",
SURVEY,1996,YEAR,,COUNTY,TEXAS,48,SOUTHERN HIGH PLAINS,12,LUBBOCK,303,,,0,,SORGHUM,"SORGHUM, GRAIN, NON-IRRIGATED - YIELD, MEASURED IN BU / ACRE",TOTAL,NOT SPECIFIED,37.4,
SURVEY,1996,YEAR,,COUNTY,TEXAS,48,SOUTHERN HIGH PLAINS,12,LUBBOCK,303,,,0,,SORGHUM,"SORGHUM, IRRIGATED - ACRES PLANTED",TOTAL,NOT SPECIFIED,"9,000",
SURVEY,1996,YEAR,,COUNTY,TEXAS,48,SOUTHERN HIGH PLAINS,12,LUBBOCK,303,,,0,,SORGHUM,"SORGHUM, NON-IRRIGATED - ACRES PLANTED",TOTAL,NOT SPECIFIED,"22,200",
SURVEY,1995,YEAR,,COUNTY,TEXAS,48,SOUTHERN HIGH PLAINS,12,LUBBOCK,303,,,0,,SORGHUM,SORGHUM - ACRES PLANTED,TOTAL,NOT SPECIFIED,"15,900",
SURVEY,1995,YEAR,,COUNTY,TEXAS,48,SOUTHERN HIGH PLAINS,12,LUBBOCK,303,,,0,,SORGHUM,"SORGHUM, GRAIN - ACRES HARVESTED",TOTAL,NOT SPECIFIED,"15,200",
SURVEY,1995,YEAR,,COUNTY,TEXAS,48,SOUTHERN HIGH PLAINS,12,LUBBOCK,303,,,0,,SORGHUM,"SORGHUM, GRAIN - PRODUCTION, MEASURED IN BU",TOTAL,NOT SPECIFIED,"550,000",
SURVEY,1995,YEAR,,COUNTY,TEXAS,48,SOUTHERN HIGH PLAINS,12,LUBBOCK,303,,,0,,SORGHUM,"SORGHUM, GRAIN - YIELD, MEASURED IN BU / ACRE",TOTAL,NOT SPECIFIED,36.2,
SURVEY,1995,YEAR,,COUNTY,TEXAS,48,SOUTHERN HIGH PLAINS,12,LUBBOCK,303,,,0,,SORGHUM,"SORGHUM, GRAIN, IRRIGATED - ACRES HARVESTED",TOTAL,NOT SPECIFIED,"3,300",
SURVEY,1995,YEAR,,COUNTY,TEXAS,48,SOUTHERN HIGH PLAINS,12,LUBBOCK,303,,,0,,SORGHUM,"SORGHUM, GRAIN, IRRIGATED - PRODUCTION, MEASURED IN BU",TOTAL,NOT SPECIFIED,"166,000",
SURVEY,1995,YEAR,,COUNTY,TEXAS,48,SOUTHERN HIGH PLAINS,12,LUBBOCK,303,,,0,,SORGHUM,"SORGHUM, GRAIN, IRRIGATED - YIELD, MEASURED IN BU / ACRE",TOTAL,NOT SPECIFIED,50.3,
SURVEY,1995,YEAR,,COUNTY,TEXAS,48,SOUTHERN HIGH PLAINS,12,LUBBOCK,303,,,0,,SORGHUM,"SORGHUM, GRAIN, NON-IRRIGATED - ACRES HARVESTED",TOTAL,NOT SPECIFIED,"11,900",
SURVEY,1995,YEAR,,COUNTY,TEXAS,48,SOUTHERN HIGH PLAINS,12,LUBBOCK,303,,,0,,SORGHUM,"SORGHUM, GRAIN, NON-IRRIGATED - PRODUCTION, MEASURED IN BU",TOTAL,NOT SPECIFIED,"384,000",
SURVEY,1995,YEAR,,COUNTY,TEXAS,48,SOUTHERN HIGH PLAINS,12,LUBBOCK,303,,,0,,SORGHUM,"SORGHUM, GRAIN, NON-IRRIGATED - YIELD, MEASURED IN BU / ACRE",TOTAL,NOT SPECIFIED,32.3,
SURVEY,1995,YEAR,,COUNTY,TEXAS,48,SOUTHERN HIGH PLAINS,12,LUBBOCK,303,,,0,,SORGHUM,"SORGHUM, IRRIGATED - ACRES PLANTED",TOTAL,NOT SPECIFIED,"3,300",
SURVEY,1995,YEAR,,COUNTY,TEXAS,48,SOUTHERN HIGH PLAINS,12,LUBBOCK,303,,,0,,SORGHUM,"SORGHUM, NON-IRRIGATED - ACRES PLANTED",TOTAL,NOT SPECIFIED,"12,600",
SURVEY,1994,YEAR,,COUNTY,TEXAS,48,SOUTHERN HIGH PLAINS,12,LUBBOCK,303,,,0,,SORGHUM,SORGHUM - ACRES PLANTED,TOTAL,NOT SPECIFIED,"10,400",
SURVEY,1994,YEAR,,COUNTY,TEXAS,48,SOUTHERN HIGH PLAINS,12,LUBBOCK,303,,,0,,SORGHUM,"SORGHUM, GRAIN - ACRES HARVESTED",TOTAL,NOT SPECIFIED,"8,000",
SURVEY,1994,YEAR,,COUNTY,TEXAS,48,SOUTHERN HIGH PLAINS,12,LUBBOCK,303,,,0,,SORGHUM,"SORGHUM, GRAIN - PRODUCTION, MEASURED IN BU",TOTAL,NOT SPECIFIED,"323,000",
SURVEY,1994,YEAR,,COUNTY,TEXAS,48,SOUTHERN HIGH PLAINS,12,LUBBOCK,303,,,0,,SORGHUM,"SORGHUM, GRAIN - YIELD, MEASURED IN BU / ACRE",TOTAL,NOT SPECIFIED,40.4,
SURVEY,1994,YEAR,,COUNTY,TEXAS,48,SOUTHERN HIGH PLAINS,12,LUBBOCK,303,,,0,,SORGHUM,"SORGHUM, GRAIN, IRRIGATED - ACRES HARVESTED",TOTAL,NOT SPECIFIED,"3,800",
SURVEY,1994,YEAR,,COUNTY,TEXAS,48,SOUTHERN HIGH PLAINS,12,LUBBOCK,303,,,0,,SORGHUM,"SORGHUM, GRAIN, IRRIGATED - PRODUCTION, MEASURED IN BU",TOTAL,NOT SPECIFIED,"227,000",
SURVEY,1994,YEAR,,COUNTY,TEXAS,48,SOUTHERN HIGH PLAINS,12,LUBBOCK,303,,,0,,SORGHUM,"SORGHUM, GRAIN, IRRIGATED - YIELD, MEASURED IN BU / ACRE",TOTAL,NOT SPECIFIED,59.7,
SURVEY,1994,YEAR,,COUNTY,TEXAS,48,SOUTHERN HIGH PLAINS,12,LUBBOCK,303,,,0,,SORGHUM,"SORGHUM, GRAIN, NON-IRRIGATED - ACRES HARVESTED",TOTAL,NOT SPECIFIED,"4,200",
SURVEY,1994,YEAR,,COUNTY,TEXAS,48,SOUTHERN HIGH PLAINS,12,LUBBOCK,303,,,0,,SORGHUM,"SORGHUM, GRAIN, NON-IRRIGATED - PRODUCTION, MEASURED IN BU",TOTAL,NOT SPECIFIED,"96,000",
SURVEY,1994,YEAR,,COUNTY,TEXAS,48,SOUTHERN HIGH PLAINS,12,LUBBOCK,303,,,0,,SORGHUM,"SORGHUM, GRAIN, NON-IRRIGATED - YIELD, MEASURED IN BU / ACRE",TOTAL,NOT SPECIFIED,22.9,
SURVEY,1994,YEAR,,COUNTY,TEXAS,48,SOUTHERN HIGH PLAINS,12,LUBBOCK,303,,,0,,SORGHUM,"SORGHUM, IRRIGATED - ACRES PLANTED",TOTAL,NOT SPECIFIED,"3,800",
SURVEY,1994,YEAR,,COUNTY,TEXAS,48,SOUTHERN HIGH PLAINS,12,LUBBOCK,303,,,0,,SORGHUM,"SORGHUM, NON-IRRIGATED - ACRES PLANTED",TOTAL,NOT SPECIFIED,"6,600",
SURVEY,1993,YEAR,,COUNTY,TEXAS,48,SOUTHERN HIGH PLAINS,12,LUBBOCK,303,,,0,,SORGHUM,SORGHUM - ACRES PLANTED,TOTAL,NOT SPECIFIED,"14,700",
SURVEY,1993,YEAR,,COUNTY,TEXAS,48,SOUTHERN HIGH PLAINS,12,LUBBOCK,303,,,0,,SORGHUM,"SORGHUM, GRAIN - ACRES HARVESTED",TOTAL,NOT SPECIFIED,"13,200",
SURVEY,1993,YEAR,,COUNTY,TEXAS,48,SOUTHERN HIGH PLAINS,12,LUBBOCK,303,,,0,,SORGHUM,"SORGHUM, GRAIN - PRODUCTION, MEASURED IN BU",TOTAL,NOT SPECIFIED,"636,000",
SURVEY,1993,YEAR,,COUNTY,TEXAS,48,SOUTHERN HIGH PLAINS,12,LUBBOCK,303,,,0,,SORGHUM,"SORGHUM, GRAIN - YIELD, MEASURED IN BU / ACRE",TOTAL,NOT SPECIFIED,48.2,
SURVEY,1993,YEAR,,COUNTY,TEXAS,48,SOUTHERN HIGH PLAINS,12,LUBBOCK,303,,,0,,SORGHUM,"SORGHUM, GRAIN, IRRIGATED - ACRES HARVESTED",TOTAL,NOT SPECIFIED,"6,100",
SURVEY,1993,YEAR,,COUNTY,TEXAS,48,SOUTHERN HIGH PLAINS,12,LUBBOCK,303,,,0,,SORGHUM,"SORGHUM, GRAIN, IRRIGATED - PRODUCTION, MEASURED IN BU",TOTAL,NOT SPECIFIED,"432,000",
SURVEY,1993,YEAR,,COUNTY,TEXAS,48,SOUTHERN HIGH PLAINS,12,LUBBOCK,303,,,0,,SORGHUM,"SORGHUM, GRAIN, IRRIGATED - YIELD, MEASURED IN BU / ACRE",TOTAL,NOT SPECIFIED,70.8,
SURVEY,1993,YEAR,,COUNTY,TEXAS,48,SOUTHERN HIGH PLAINS,12,LUBBOCK,303,,,0,,SORGHUM,"SORGHUM, GRAIN, NON-IRRIGATED - ACRES HARVESTED",TOTAL,NOT SPECIFIED,"7,100",
SURVEY,1993,YEAR,,COUNTY,TEXAS,48,SOUTHERN HIGH PLAINS,12,LUBBOCK,303,,,0,,SORGHUM,"SORGHUM, GRAIN, NON-IRRIGATED - PRODUCTION, MEASURED IN BU",TOTAL,NOT SPECIFIED,"204,000",
SURVEY,1993,YEAR,,COUNTY,TEXAS,48,SOUTHERN HIGH PLAINS,12,LUBBOCK,303,,,0,,SORGHUM,"SORGHUM, GRAIN, NON-IRRIGATED - YIELD, MEASURED IN BU / ACRE",TOTAL,NOT SPECIFIED,28.7,
SURVEY,1993,YEAR,,COUNTY,TEXAS,48,SOUTHERN HIGH PLAINS,12,LUBBOCK,303,,,0,,SORGHUM,"SORGHUM, IRRIGATED - ACRES PLANTED",TOTAL,NOT SPECIFIED,"6,500",
SURVEY,1993,YEAR,,COUNTY,TEXAS,48,SOUTHERN HIGH PLAINS,12,LUBBOCK,303,,,0,,SORGHUM,"SORGHUM, NON-IRRIGATED - ACRES PLANTED",TOTAL,NOT SPECIFIED,"8,200",
SURVEY,1992,YEAR,,COUNTY,TEXAS,48,SOUTHERN HIGH PLAINS,12,LUBBOCK,303,,,0,,SORGHUM,SORGHUM - ACRES PLANTED,TOTAL,NOT SPECIFIED,"204,700",
SURVEY,1992,YEAR,,COUNTY,TEXAS,48,SOUTHERN HIGH PLAINS,12,LUBBOCK,303,,,0,,SORGHUM,"SORGHUM, GRAIN - ACRES HARVESTED",TOTAL,NOT SPECIFIED,"199,600",
SURVEY,1992,YEAR,,COUNTY,TEXAS,48,SOUTHERN HIGH PLAINS,12,LUBBOCK,303,,,0,,SORGHUM,"SORGHUM, GRAIN - PRODUCTION, MEASURED IN BU",TOTAL,NOT SPECIFIED,"12,537,100",
SURVEY,1992,YEAR,,COUNTY,TEXAS,48,SOUTHERN HIGH PLAINS,12,LUBBOCK,303,,,0,,SORGHUM,"SORGHUM, GRAIN - YIELD, MEASURED IN BU / ACRE",TOTAL,NOT SPECIFIED,62.8,
SURVEY,1992,YEAR,,COUNTY,TEXAS,48,SOUTHERN HIGH PLAINS,12,LUBBOCK,303,,,0,,SORGHUM,"SORGHUM, GRAIN, IRRIGATED - ACRES HARVESTED",TOTAL,NOT SPECIFIED,"85,000",
SURVEY,1992,YEAR,,COUNTY,TEXAS,48,SOUTHERN HIGH PLAINS,12,LUBBOCK,303,,,0,,SORGHUM,"SORGHUM, GRAIN, IRRIGATED - PRODUCTION, MEASURED IN BU",TOTAL,NOT SPECIFIED,"6,339,300",
SURVEY,1992,YEAR,,COUNTY,TEXAS,48,SOUTHERN HIGH PLAINS,12,LUBBOCK,303,,,0,,SORGHUM,"SORGHUM, GRAIN, IRRIGATED - YIELD, MEASURED IN BU / ACRE",TOTAL,NOT SPECIFIED,74.6,
SURVEY,1992,YEAR,,COUNTY,TEXAS,48,SOUTHERN HIGH PLAINS,12,LUBBOCK,303,,,0,,SORGHUM,"SORGHUM, GRAIN, NON-IRRIGATED - ACRES HARVESTED",TOTAL,NOT SPECIFIED,"114,600",
SURVEY,1992,YEAR,,COUNTY,TEXAS,48,SOUTHERN HIGH PLAINS,12,LUBBOCK,303,,,0,,SORGHUM,"SORGHUM, GRAIN, NON-IRRIGATED - PRODUCTION, MEASURED IN BU",TOTAL,NOT SPECIFIED,"6,197,800",
SURVEY,1992,YEAR,,COUNTY,TEXAS,48,SOUTHERN HIGH PLAINS,12,LUBBOCK,303,,,0,,SORGHUM,"SORGHUM, GRAIN, NON-IRRIGATED - YIELD, MEASURED IN BU / ACRE",TOTAL,NOT SPECIFIED,54.1,
SURVEY,1992,YEAR,,COUNTY,TEXAS,48,SOUTHERN HIGH PLAINS,12,LUBBOCK,303,,,0,,SORGHUM,"SORGHUM, IRRIGATED - ACRES PLANTED",TOTAL,NOT SPECIFIED,"86,800",
SURVEY,1992,YEAR,,COUNTY,TEXAS,48,SOUTHERN HIGH PLAINS,12,LUBBOCK,303,,,0,,SORGHUM,"SORGHUM, NON-IRRIGATED - ACRES PLANTED",TOTAL,NOT SPECIFIED,"117,900",
SURVEY,1991,YEAR,,COUNTY,TEXAS,48,SOUTHERN HIGH PLAINS,12,LUBBOCK,303,,,0,,SORGHUM,SORGHUM - ACRES PLANTED,TOTAL,NOT SPECIFIED,"13,000",
SURVEY,1991,YEAR,,COUNTY,TEXAS,48,SOUTHERN HIGH PLAINS,12,LUBBOCK,303,,,0,,SORGHUM,"SORGHUM, GRAIN - ACRES HARVESTED",TOTAL,NOT SPECIFIED,"11,300",
SURVEY,1991,YEAR,,COUNTY,TEXAS,48,SOUTHERN HIGH PLAINS,12,LUBBOCK,303,,,0,,SORGHUM,"SORGHUM, GRAIN - PRODUCTION, MEASURED IN BU",TOTAL,NOT SPECIFIED,"589,300",
SURVEY,1991,YEAR,,COUNTY,TEXAS,48,SOUTHERN HIGH PLAINS,12,LUBBOCK,303,,,0,,SORGHUM,"SORGHUM, GRAIN - YIELD, MEASURED IN BU / ACRE",TOTAL,NOT SPECIFIED,52.2,
SURVEY,1991,YEAR,,COUNTY,TEXAS,48,SOUTHERN HIGH PLAINS,12,LUBBOCK,303,,,0,,SORGHUM,"SORGHUM, GRAIN, IRRIGATED - ACRES HARVESTED",TOTAL,NOT SPECIFIED,"5,000",
SURVEY,1991,YEAR,,COUNTY,TEXAS,48,SOUTHERN HIGH PLAINS,12,LUBBOCK,303,,,0,,SORGHUM,"SORGHUM, GRAIN, IRRIGATED - PRODUCTION, MEASURED IN BU",TOTAL,NOT SPECIFIED,"306,400",
SURVEY,1991,YEAR,,COUNTY,TEXAS,48,SOUTHERN HIGH PLAINS,12,LUBBOCK,303,,,0,,SORGHUM,"SORGHUM, GRAIN, IRRIGATED - YIELD, MEASURED IN BU / ACRE",TOTAL,NOT SPECIFIED,61.3,
SURVEY,1991,YEAR,,COUNTY,TEXAS,48,SOUTHERN HIGH PLAINS,12,LUBBOCK,303,,,0,,SORGHUM,"SORGHUM, GRAIN, NON-IRRIGATED - ACRES HARVESTED",TOTAL,NOT SPECIFIED,"6,300",
SURVEY,1991,YEAR,,COUNTY,TEXAS,48,SOUTHERN HIGH PLAINS,12,LUBBOCK,303,,,0,,SORGHUM,"SORGHUM, GRAIN, NON-IRRIGATED - PRODUCTION, MEASURED IN BU",TOTAL,NOT SPECIFIED,"282,900",
SURVEY,1991,YEAR,,COUNTY,TEXAS,48,SOUTHERN HIGH PLAINS,12,LUBBOCK,303,,,0,,SORGHUM,"SORGHUM, GRAIN, NON-IRRIGATED - YIELD, MEASURED IN BU / ACRE",TOTAL,NOT SPECIFIED,44.9,
SURVEY,1991,YEAR,,COUNTY,TEXAS,48,SOUTHERN HIGH PLAINS,12,LUBBOCK,303,,,0,,SORGHUM,"SORGHUM, IRRIGATED - ACRES PLANTED",TOTAL,NOT SPECIFIED,"5,200",
SURVEY,1991,YEAR,,COUNTY,TEXAS,48,SOUTHERN HIGH PLAINS,12,LUBBOCK,303,,,0,,SORGHUM,"SORGHUM, NON-IRRIGATED - ACRES PLANTED",TOTAL,NOT SPECIFIED,"7,800",
SURVEY,1990,YEAR,,COUNTY,TEXAS,48,SOUTHERN HIGH PLAINS,12,LUBBOCK,303,,,0,,SORGHUM,SORGHUM - ACRES PLANTED,TOTAL,NOT SPECIFIED,"8,300",
SURVEY,1990,YEAR,,COUNTY,TEXAS,48,SOUTHERN HIGH PLAINS,12,LUBBOCK,303,,,0,,SORGHUM,"SORGHUM, GRAIN - ACRES HARVESTED",TOTAL,NOT SPECIFIED,"7,100",
SURVEY,1990,YEAR,,COUNTY,TEXAS,48,SOUTHERN HIGH PLAINS,12,LUBBOCK,303,,,0,,SORGHUM,"SORGHUM, GRAIN - PRODUCTION, MEASURED IN BU",TOTAL,NOT SPECIFIED,"353,500",
SURVEY,1990,YEAR,,COUNTY,TEXAS,48,SOUTHERN HIGH PLAINS,12,LUBBOCK,303,,,0,,SORGHUM,"SORGHUM, GRAIN - YIELD, MEASURED IN BU / ACRE",TOTAL,NOT SPECIFIED,49.8,
SURVEY,1990,YEAR,,COUNTY,TEXAS,48,SOUTHERN HIGH PLAINS,12,LUBBOCK,303,,,0,,SORGHUM,"SORGHUM, GRAIN, IRRIGATED - ACRES HARVESTED",TOTAL,NOT SPECIFIED,"3,800",
SURVEY,1990,YEAR,,COUNTY,TEXAS,48,SOUTHERN HIGH PLAINS,12,LUBBOCK,303,,,0,,SORGHUM,"SORGHUM, GRAIN, IRRIGATED - PRODUCTION, MEASURED IN BU",TOTAL,NOT SPECIFIED,"233,000",
SURVEY,1990,YEAR,,COUNTY,TEXAS,48,SOUTHERN HIGH PLAINS,12,LUBBOCK,303,,,0,,SORGHUM,"SORGHUM, GRAIN, IRRIGATED - YIELD, MEASURED IN BU / ACRE",TOTAL,NOT SPECIFIED,61.3,
SURVEY,1990,YEAR,,COUNTY,TEXAS,48,SOUTHERN HIGH PLAINS,12,LUBBOCK,303,,,0,,SORGHUM,"SORGHUM, GRAIN, NON-IRRIGATED - ACRES HARVESTED",TOTAL,NOT SPECIFIED,"3,300",
SURVEY,1990,YEAR,,COUNTY,TEXAS,48,SOUTHERN HIGH PLAINS,12,LUBBOCK,303,,,0,,SORGHUM,"SORGHUM, GRAIN, NON-IRRIGATED - PRODUCTION, MEASURED IN BU",TOTAL,NOT SPECIFIED,"120,500",
SURVEY,1990,YEAR,,COUNTY,TEXAS,48,SOUTHERN HIGH PLAINS,12,LUBBOCK,303,,,0,,SORGHUM,"SORGHUM, GRAIN, NON-IRRIGATED - YIELD, MEASURED IN BU / ACRE",TOTAL,NOT SPECIFIED,36.5,
SURVEY,1990,YEAR,,COUNTY,TEXAS,48,SOUTHERN HIGH PLAINS,12,LUBBOCK,303,,,0,,SORGHUM,"SORGHUM, IRRIGATED - ACRES PLANTED",TOTAL,NOT SPECIFIED,"4,100",
SURVEY,1990,YEAR,,COUNTY,TEXAS,48,SOUTHERN HIGH PLAINS,12,LUBBOCK,303,,,0,,SORGHUM,"SORGHUM, NON-IRRIGATED - ACRES PLANTED",TOTAL,NOT SPECIFIED,"4,200",
SURVEY,1989,YEAR,,COUNTY,TEXAS,48,SOUTHERN HIGH PLAINS,12,LUBBOCK,303,,,0,,SORGHUM,SORGHUM - ACRES PLANTED,TOTAL,NOT SPECIFIED,"25,000",
SURVEY,1989,YEAR,,COUNTY,TEXAS,48,SOUTHERN HIGH PLAINS,12,LUBBOCK,303,,,0,,SORGHUM,"SORGHUM, GRAIN - ACRES HARVESTED",TOTAL,NOT SPECIFIED,"23,200",
SURVEY,1989,YEAR,,COUNTY,TEXAS,48,SOUTHERN HIGH PLAINS,12,LUBBOCK,303,,,0,,SORGHUM,"SORGHUM, GRAIN - PRODUCTION, MEASURED IN BU",TOTAL,NOT SPECIFIED,"1,104,600",
SURVEY,1989,YEAR,,COUNTY,TEXAS,48,SOUTHERN HIGH PLAINS,12,LUBBOCK,303,,,0,,SORGHUM,"SORGHUM, GRAIN - YIELD, MEASURED IN BU / ACRE",TOTAL,NOT SPECIFIED,47.6,
SURVEY,1989,YEAR,,COUNTY,TEXAS,48,SOUTHERN HIGH PLAINS,12,LUBBOCK,303,,,0,,SORGHUM,"SORGHUM, GRAIN, IRRIGATED - ACRES HARVESTED",TOTAL,NOT SPECIFIED,"10,000",
SURVEY,1989,YEAR,,COUNTY,TEXAS,48,SOUTHERN HIGH PLAINS,12,LUBBOCK,303,,,0,,SORGHUM,"SORGHUM, GRAIN, IRRIGATED - PRODUCTION, MEASURED IN BU",TOTAL,NOT SPECIFIED,"625,400",
SURVEY,1989,YEAR,,COUNTY,TEXAS,48,SOUTHERN HIGH PLAINS,12,LUBBOCK,303,,,0,,SORGHUM,"SORGHUM, GRAIN, IRRIGATED - YIELD, MEASURED IN BU / ACRE",TOTAL,NOT SPECIFIED,62.5,
SURVEY,1989,YEAR,,COUNTY,TEXAS,48,SOUTHERN HIGH PLAINS,12,LUBBOCK,303,,,0,,SORGHUM,"SORGHUM, GRAIN, NON-IRRIGATED - ACRES HARVESTED",TOTAL,NOT SPECIFIED,"13,200",
SURVEY,1989,YEAR,,COUNTY,TEXAS,48,SOUTHERN HIGH PLAINS,12,LUBBOCK,303,,,0,,SORGHUM,"SORGHUM, GRAIN, NON-IRRIGATED - PRODUCTION, MEASURED IN BU",TOTAL,NOT SPECIFIED,"479,200",
SURVEY,1989,YEAR,,COUNTY,TEXAS,48,SOUTHERN HIGH PLAINS,12,LUBBOCK,303,,,0,,SORGHUM,"SORGHUM, GRAIN, NON-IRRIGATED - YIELD, MEASURED IN BU / ACRE",TOTAL,NOT SPECIFIED,36.3,
SURVEY,1989,YEAR,,COUNTY,TEXAS,48,SOUTHERN HIGH PLAINS,12,LUBBOCK,303,,,0,,SORGHUM,"SORGHUM, IRRIGATED - ACRES PLANTED",TOTAL,NOT SPECIFIED,"10,000",
SURVEY,1989,YEAR,,COUNTY,TEXAS,48,SOUTHERN HIGH PLAINS,12,LUBBOCK,303,,,0,,SORGHUM,"SORGHUM, NON-IRRIGATED - ACRES PLANTED",TOTAL,NOT SPECIFIED,"15,000",
SURVEY,1988,YEAR,,COUNTY,TEXAS,48,SOUTHERN HIGH PLAINS,12,LUBBOCK,303,,,0,,SORGHUM,SORGHUM - ACRES PLANTED,TOTAL,NOT SPECIFIED,"9,500",
SURVEY,1988,YEAR,,COUNTY,TEXAS,48,SOUTHERN HIGH PLAINS,12,LUBBOCK,303,,,0,,SORGHUM,"SORGHUM, GRAIN - ACRES HARVESTED",TOTAL,NOT SPECIFIED,"9,300",
SURVEY,1988,YEAR,,COUNTY,TEXAS,48,SOUTHERN HIGH PLAINS,12,LUBBOCK,303,,,0,,SORGHUM,"SORGHUM, GRAIN - PRODUCTION, MEASURED IN BU",TOTAL,NOT SPECIFIED,"462,000",
SURVEY,1988,YEAR,,COUNTY,TEXAS,48,SOUTHERN HIGH PLAINS,12,LUBBOCK,303,,,0,,SORGHUM,"SORGHUM, GRAIN - YIELD, MEASURED IN BU / ACRE",TOTAL,NOT SPECIFIED,49.7,
SURVEY,1988,YEAR,,COUNTY,TEXAS,48,SOUTHERN HIGH PLAINS,12,LUBBOCK,303,,,0,,SORGHUM,"SORGHUM, GRAIN, IRRIGATED - ACRES HARVESTED",TOTAL,NOT SPECIFIED,"4,900",
SURVEY,1988,YEAR,,COUNTY,TEXAS,48,SOUTHERN HIGH PLAINS,12,LUBBOCK,303,,,0,,SORGHUM,"SORGHUM, GRAIN, IRRIGATED - PRODUCTION, MEASURED IN BU",TOTAL,NOT SPECIFIED,"270,000",
SURVEY,1988,YEAR,,COUNTY,TEXAS,48,SOUTHERN HIGH PLAINS,12,LUBBOCK,303,,,0,,SORGHUM,"SORGHUM, GRAIN, IRRIGATED - YIELD, MEASURED IN BU / ACRE",TOTAL,NOT SPECIFIED,55.1,
SURVEY,1988,YEAR,,COUNTY,TEXAS,48,SOUTHERN HIGH PLAINS,12,LUBBOCK,303,,,0,,SORGHUM,"SORGHUM, GRAIN, NON-IRRIGATED - ACRES HARVESTED",TOTAL,NOT SPECIFIED,"4,400",
SURVEY,1988,YEAR,,COUNTY,TEXAS,48,SOUTHERN HIGH PLAINS,12,LUBBOCK,303,,,0,,SORGHUM,"SORGHUM, GRAIN, NON-IRRIGATED - PRODUCTION, MEASURED IN BU",TOTAL,NOT SPECIFIED,"192,000",
SURVEY,1988,YEAR,,COUNTY,TEXAS,48,SOUTHERN HIGH PLAINS,12,LUBBOCK,303,,,0,,SORGHUM,"SORGHUM, GRAIN, NON-IRRIGATED - YIELD, MEASURED IN BU / ACRE",TOTAL,NOT SPECIFIED,43.6,
SURVEY,1988,YEAR,,COUNTY,TEXAS,48,SOUTHERN HIGH PLAINS,12,LUBBOCK,303,,,0,,SORGHUM,"SORGHUM, IRRIGATED - ACRES PLANTED",TOTAL,NOT SPECIFIED,"5,000",
SURVEY,1988,YEAR,,COUNTY,TEXAS,48,SOUTHERN HIGH PLAINS,12,LUBBOCK,303,,,0,,SORGHUM,"SORGHUM, NON-IRRIGATED - ACRES PLANTED",TOTAL,NOT SPECIFIED,"4,500",
SURVEY,1987,YEAR,,COUNTY,TEXAS,48,SOUTHERN HIGH PLAINS,12,LUBBOCK,303,,,0,,SORGHUM,SORGHUM - ACRES PLANTED,TOTAL,NOT SPECIFIED,"27,500",
SURVEY,1987,YEAR,,COUNTY,TEXAS,48,SOUTHERN HIGH PLAINS,12,LUBBOCK,303,,,0,,SORGHUM,"SORGHUM, GRAIN - ACRES HARVESTED",TOTAL,NOT SPECIFIED,"25,800",
SURVEY,1987,YEAR,,COUNTY,TEXAS,48,SOUTHERN HIGH PLAINS,12,LUBBOCK,303,,,0,,SORGHUM,"SORGHUM, GRAIN - PRODUCTION, MEASURED IN BU",TOTAL,NOT SPECIFIED,"1,248,000",
SURVEY,1987,YEAR,,COUNTY,TEXAS,48,SOUTHERN HIGH PLAINS,12,LUBBOCK,303,,,0,,SORGHUM,"SORGHUM, GRAIN - YIELD, MEASURED IN BU / ACRE",TOTAL,NOT SPECIFIED,48.4,
SURVEY,1987,YEAR,,COUNTY,TEXAS,48,SOUTHERN HIGH PLAINS,12,LUBBOCK,303,,,0,,SORGHUM,"SORGHUM, GRAIN, IRRIGATED - ACRES HARVESTED",TOTAL,NOT SPECIFIED,"7,500",
SURVEY,1987,YEAR,,COUNTY,TEXAS,48,SOUTHERN HIGH PLAINS,12,LUBBOCK,303,,,0,,SORGHUM,"SORGHUM, GRAIN, IRRIGATED - PRODUCTION, MEASURED IN BU",TOTAL,NOT SPECIFIED,"492,000",
SURVEY,1987,YEAR,,COUNTY,TEXAS,48,SOUTHERN HIGH PLAINS,12,LUBBOCK,303,,,0,,SORGHUM,"SORGHUM, GRAIN, IRRIGATED - YIELD, MEASURED IN BU / ACRE",TOTAL,NOT SPECIFIED,65.6,
SURVEY,1987,YEAR,,COUNTY,TEXAS,48,SOUTHERN HIGH PLAINS,12,LUBBOCK,303,,,0,,SORGHUM,"SORGHUM, GRAIN, NON-IRRIGATED - ACRES HARVESTED",TOTAL,NOT SPECIFIED,"18,300",
SURVEY,1987,YEAR,,COUNTY,TEXAS,48,SOUTHERN HIGH PLAINS,12,LUBBOCK,303,,,0,,SORGHUM,"SORGHUM, GRAIN, NON-IRRIGATED - PRODUCTION, MEASURED IN BU",TOTAL,NOT SPECIFIED,"756,000",
SURVEY,1987,YEAR,,COUNTY,TEXAS,48,SOUTHERN HIGH PLAINS,12,LUBBOCK,303,,,0,,SORGHUM,"SORGHUM, GRAIN, NON-IRRIGATED - YIELD, MEASURED IN BU / ACRE",TOTAL,NOT SPECIFIED,41.3,
SURVEY,1987,YEAR,,COUNTY,TEXAS,48,SOUTHERN HIGH PLAINS,12,LUBBOCK,303,,,0,,SORGHUM,"SORGHUM, IRRIGATED - ACRES PLANTED",TOTAL,NOT SPECIFIED,"7,600",
SURVEY,1987,YEAR,,COUNTY,TEXAS,48,SOUTHERN HIGH PLAINS,12,LUBBOCK,303,,,0,,SORGHUM,"SORGHUM, NON-IRRIGATED - ACRES PLANTED",TOTAL,NOT SPECIFIED,"19,900",
SURVEY,1986,YEAR,,COUNTY,TEXAS,48,SOUTHERN HIGH PLAINS,12,LUBBOCK,303,,,0,,SORGHUM,SORGHUM - ACRES PLANTED,TOTAL,NOT SPECIFIED,"78,500",
SURVEY,1986,YEAR,,COUNTY,TEXAS,48,SOUTHERN HIGH PLAINS,12,LUBBOCK,303,,,0,,SORGHUM,"SORGHUM, GRAIN - ACRES HARVESTED",TOTAL,NOT SPECIFIED,"73,000",
SURVEY,1986,YEAR,,COUNTY,TEXAS,48,SOUTHERN HIGH PLAINS,12,LUBBOCK,303,,,0,,SORGHUM,"SORGHUM, GRAIN - PRODUCTION, MEASURED IN BU",TOTAL,NOT SPECIFIED,"3,197,000",
SURVEY,1986,YEAR,,COUNTY,TEXAS,48,SOUTHERN HIGH PLAINS,12,LUBBOCK,303,,,0,,SORGHUM,"SORGHUM, GRAIN - YIELD, MEASURED IN BU / ACRE",TOTAL,NOT SPECIFIED,43.8,
SURVEY,1986,YEAR,,COUNTY,TEXAS,48,SOUTHERN HIGH PLAINS,12,LUBBOCK,303,,,0,,SORGHUM,"SORGHUM, GRAIN, IRRIGATED - ACRES HARVESTED",TOTAL,NOT SPECIFIED,"23,500",
SURVEY,1986,YEAR,,COUNTY,TEXAS,48,SOUTHERN HIGH PLAINS,12,LUBBOCK,303,,,0,,SORGHUM,"SORGHUM, GRAIN, IRRIGATED - PRODUCTION, MEASURED IN BU",TOTAL,NOT SPECIFIED,"1,148,000",
SURVEY,1986,YEAR,,COUNTY,TEXAS,48,SOUTHERN HIGH PLAINS,12,LUBBOCK,303,,,0,,SORGHUM,"SORGHUM, GRAIN, IRRIGATED - YIELD, MEASURED IN BU / ACRE",TOTAL,NOT SPECIFIED,48.9,
SURVEY,1986,YEAR,,COUNTY,TEXAS,48,SOUTHERN HIGH PLAINS,12,LUBBOCK,303,,,0,,SORGHUM,"SORGHUM, GRAIN, NON-IRRIGATED - ACRES HARVESTED",TOTAL,NOT SPECIFIED,"49,500",
SURVEY,1986,YEAR,,COUNTY,TEXAS,48,SOUTHERN HIGH PLAINS,12,LUBBOCK,303,,,0,,SORGHUM,"SORGHUM, GRAIN, NON-IRRIGATED - PRODUCTION, MEASURED IN BU",TOTAL,NOT SPECIFIED,"2,049,000",
SURVEY,1986,YEAR,,COUNTY,TEXAS,48,SOUTHERN HIGH PLAINS,12,LUBBOCK,303,,,0,,SORGHUM,"SORGHUM, GRAIN, NON-IRRIGATED - YIELD, MEASURED IN BU / ACRE",TOTAL,NOT SPECIFIED,41.4,
SURVEY,1986,YEAR,,COUNTY,TEXAS,48,SOUTHERN HIGH PLAINS,12,LUBBOCK,303,,,0,,SORGHUM,"SORGHUM, IRRIGATED - ACRES PLANTED",TOTAL,NOT SPECIFIED,"25,000",
SURVEY,1986,YEAR,,COUNTY,TEXAS,48,SOUTHERN HIGH PLAINS,12,LUBBOCK,303,,,0,,SORGHUM,"SORGHUM, NON-IRRIGATED - ACRES PLANTED",TOTAL,NOT SPECIFIED,"53,500",
SURVEY,1985,YEAR,,COUNTY,TEXAS,48,SOUTHERN HIGH PLAINS,12,LUBBOCK,303,,,0,,SORGHUM,SORGHUM - ACRES PLANTED,TOTAL,NOT SPECIFIED,"44,000",
SURVEY,1985,YEAR,,COUNTY,TEXAS,48,SOUTHERN HIGH PLAINS,12,LUBBOCK,303,,,0,,SORGHUM,"SORGHUM, GRAIN - ACRES HARVESTED",TOTAL,NOT SPECIFIED,"39,000",
SURVEY,1985,YEAR,,COUNTY,TEXAS,48,SOUTHERN HIGH PLAINS,12,LUBBOCK,303,,,0,,SORGHUM,"SORGHUM, GRAIN - PRODUCTION, MEASURED IN BU",TOTAL,NOT SPECIFIED,"1,602,000",
SURVEY,1985,YEAR,,COUNTY,TEXAS,48,SOUTHERN HIGH PLAINS,12,LUBBOCK,303,,,0,,SORGHUM,"SORGHUM, GRAIN - YIELD, MEASURED IN BU / ACRE",TOTAL,NOT SPECIFIED,41.1,
SURVEY,1985,YEAR,,COUNTY,TEXAS,48,SOUTHERN HIGH PLAINS,12,LUBBOCK,303,,,0,,SORGHUM,"SORGHUM, GRAIN - YIELD, MEASURED IN BU / NET PLANTED ACRE",TOTAL,NOT SPECIFIED,38.8,
SURVEY,1985,YEAR,,COUNTY,TEXAS,48,SOUTHERN HIGH PLAINS,12,LUBBOCK,303,,,0,,SORGHUM,"SORGHUM, GRAIN, IRRIGATED - ACRES HARVESTED",TOTAL,NOT SPECIFIED,"11,500",
SURVEY,1985,YEAR,,COUNTY,TEXAS,48,SOUTHERN HIGH PLAINS,12,LUBBOCK,303,,,0,,SORGHUM,"SORGHUM, GRAIN, IRRIGATED - PRODUCTION, MEASURED IN BU",TOTAL,NOT SPECIFIED,"743,000",
SURVEY,1985,YEAR,,COUNTY,TEXAS,48,SOUTHERN HIGH PLAINS,12,LUBBOCK,303,,,0,,SORGHUM,"SORGHUM, GRAIN, IRRIGATED - YIELD, MEASURED IN BU / ACRE",TOTAL,NOT SPECIFIED,64.6,
SURVEY,1985,YEAR,,COUNTY,TEXAS,48,SOUTHERN HIGH PLAINS,12,LUBBOCK,303,,,0,,SORGHUM,"SORGHUM, GRAIN, IRRIGATED - YIELD, MEASURED IN BU / NET PLANTED ACRE",TOTAL,NOT SPECIFIED,63,
SURVEY,1985,YEAR,,COUNTY,TEXAS,48,SOUTHERN HIGH PLAINS,12,LUBBOCK,303,,,0,,SORGHUM,"SORGHUM, GRAIN, NON-IRRIGATED - ACRES HARVESTED",TOTAL,NOT SPECIFIED,"27,500",
SURVEY,1985,YEAR,,COUNTY,TEXAS,48,SOUTHERN HIGH PLAINS,12,LUBBOCK,303,,,0,,SORGHUM,"SORGHUM, GRAIN, NON-IRRIGATED - PRODUCTION, MEASURED IN BU",TOTAL,NOT SPECIFIED,"859,000",
SURVEY,1985,YEAR,,COUNTY,TEXAS,48,SOUTHERN HIGH PLAINS,12,LUBBOCK,303,,,0,,SORGHUM,"SORGHUM, GRAIN, NON-IRRIGATED - YIELD, MEASURED IN BU / ACRE",TOTAL,NOT SPECIFIED,31.2,
SURVEY,1985,YEAR,,COUNTY,TEXAS,48,SOUTHERN HIGH PLAINS,12,LUBBOCK,303,,,0,,SORGHUM,"SORGHUM, GRAIN, NON-IRRIGATED - YIELD, MEASURED IN BU / NET PLANTED ACRE",TOTAL,NOT SPECIFIED,29.1,
SURVEY,1985,YEAR,,COUNTY,TEXAS,48,SOUTHERN HIGH PLAINS,12,LUBBOCK,303,,,0,,SORGHUM,"SORGHUM, IRRIGATED - ACRES PLANTED",TOTAL,NOT SPECIFIED,"12,000",
SURVEY,1985,YEAR,,COUNTY,TEXAS,48,SOUTHERN HIGH PLAINS,12,LUBBOCK,303,,,0,,SORGHUM,"SORGHUM, NON-IRRIGATED - ACRES PLANTED",TOTAL,NOT SPECIFIED,"32,000",
SURVEY,1984,YEAR,,COUNTY,TEXAS,48,SOUTHERN HIGH PLAINS,12,LUBBOCK,303,,,0,,SORGHUM,SORGHUM - ACRES PLANTED,TOTAL,NOT SPECIFIED,"31,500",
SURVEY,1984,YEAR,,COUNTY,TEXAS,48,SOUTHERN HIGH PLAINS,12,LUBBOCK,303,,,0,,SORGHUM,"SORGHUM, GRAIN - ACRES HARVESTED",TOTAL,NOT SPECIFIED,"28,000",
SURVEY,1984,YEAR,,COUNTY,TEXAS,48,SOUTHERN HIGH PLAINS,12,LUBBOCK,303,,,0,,SORGHUM,"SORGHUM, GRAIN - PRODUCTION, MEASURED IN BU",TOTAL,NOT SPECIFIED,"1,497,000",
SURVEY,1984,YEAR,,COUNTY,TEXAS,48,SOUTHERN HIGH PLAINS,12,LUBBOCK,303,,,0,,SORGHUM,"SORGHUM, GRAIN - YIELD, MEASURED IN BU / ACRE",TOTAL,NOT SPECIFIED,53.5,
SURVEY,1984,YEAR,,COUNTY,TEXAS,48,SOUTHERN HIGH PLAINS,12,LUBBOCK,303,,,0,,SORGHUM,"SORGHUM, GRAIN - YIELD, MEASURED IN BU / NET PLANTED ACRE",TOTAL,NOT SPECIFIED,49.4,
SURVEY,1984,YEAR,,COUNTY,TEXAS,48,SOUTHERN HIGH PLAINS,12,LUBBOCK,303,,,0,,SORGHUM,"SORGHUM, GRAIN, IRRIGATED - ACRES HARVESTED",TOTAL,NOT SPECIFIED,"10,700",
SURVEY,1984,YEAR,,COUNTY,TEXAS,48,SOUTHERN HIGH PLAINS,12,LUBBOCK,303,,,0,,SORGHUM,"SORGHUM, GRAIN, IRRIGATED - PRODUCTION, MEASURED IN BU",TOTAL,NOT SPECIFIED,"782,000",
SURVEY,1984,YEAR,,COUNTY,TEXAS,48,SOUTHERN HIGH PLAINS,12,LUBBOCK,303,,,0,,SORGHUM,"SORGHUM, GRAIN, IRRIGATED - YIELD, MEASURED IN BU / ACRE",TOTAL,NOT SPECIFIED,73.1,
SURVEY,1984,YEAR,,COUNTY,TEXAS,48,SOUTHERN HIGH PLAINS,12,LUBBOCK,303,,,0,,SORGHUM,"SORGHUM, GRAIN, IRRIGATED - YIELD, MEASURED IN BU / NET PLANTED ACRE",TOTAL,NOT SPECIFIED,72.4,
SURVEY,1984,YEAR,,COUNTY,TEXAS,48,SOUTHERN HIGH PLAINS,12,LUBBOCK,303,,,0,,SORGHUM,"SORGHUM, GRAIN, NON-IRRIGATED - ACRES HARVESTED",TOTAL,NOT SPECIFIED,"17,300",
SURVEY,1984,YEAR,,COUNTY,TEXAS,48,SOUTHERN HIGH PLAINS,12,LUBBOCK,303,,,0,,SORGHUM,"SORGHUM, GRAIN, NON-IRRIGATED - PRODUCTION, MEASURED IN BU",TOTAL,NOT SPECIFIED,"715,000",
SURVEY,1984,YEAR,,COUNTY,TEXAS,48,SOUTHERN HIGH PLAINS,12,LUBBOCK,303,,,0,,SORGHUM,"SORGHUM, GRAIN, NON-IRRIGATED - YIELD, MEASURED IN BU / ACRE",TOTAL,NOT SPECIFIED,41.3,
SURVEY,1984,YEAR,,COUNTY,TEXAS,48,SOUTHERN HIGH PLAINS,12,LUBBOCK,303,,,0,,SORGHUM,"SORGHUM, GRAIN, NON-IRRIGATED - YIELD, MEASURED IN BU / NET PLANTED ACRE",TOTAL,NOT SPECIFIED,36.7,
SURVEY,1984,YEAR,,COUNTY,TEXAS,48,SOUTHERN HIGH PLAINS,12,LUBBOCK,303,,,0,,SORGHUM,"SORGHUM, IRRIGATED - ACRES PLANTED",TOTAL,NOT SPECIFIED,"12,000",
SURVEY,1984,YEAR,,COUNTY,TEXAS,48,SOUTHERN HIGH PLAINS,12,LUBBOCK,303,,,0,,SORGHUM,"SORGHUM, NON-IRRIGATED - ACRES PLANTED",TOTAL,NOT SPECIFIED,"19,500",
SURVEY,1983,YEAR,,COUNTY,TEXAS,48,SOUTHERN HIGH PLAINS,12,LUBBOCK,303,,,0,,SORGHUM,SORGHUM - ACRES PLANTED,TOTAL,NOT SPECIFIED,"43,000",
SURVEY,1983,YEAR,,COUNTY,TEXAS,48,SOUTHERN HIGH PLAINS,12,LUBBOCK,303,,,0,,SORGHUM,"SORGHUM, GRAIN - ACRES HARVESTED",TOTAL,NOT SPECIFIED,"40,000",
SURVEY,1983,YEAR,,COUNTY,TEXAS,48,SOUTHERN HIGH PLAINS,12,LUBBOCK,303,,,0,,SORGHUM,"SORGHUM, GRAIN - PRODUCTION, MEASURED IN BU",TOTAL,NOT SPECIFIED,"1,387,000",
SURVEY,1983,YEAR,,COUNTY,TEXAS,48,SOUTHERN HIGH PLAINS,12,LUBBOCK,303,,,0,,SORGHUM,"SORGHUM, GRAIN - YIELD, MEASURED IN BU / ACRE",TOTAL,NOT SPECIFIED,34.7,
SURVEY,1983,YEAR,,COUNTY,TEXAS,48,SOUTHERN HIGH PLAINS,12,LUBBOCK,303,,,0,,SORGHUM,"SORGHUM, GRAIN - YIELD, MEASURED IN BU / NET PLANTED ACRE",TOTAL,NOT SPECIFIED,33.7,
SURVEY,1983,YEAR,,COUNTY,TEXAS,48,SOUTHERN HIGH PLAINS,12,LUBBOCK,303,,,0,,SORGHUM,"SORGHUM, GRAIN, IRRIGATED - ACRES HARVESTED",TOTAL,NOT SPECIFIED,"12,500",
SURVEY,1983,YEAR,,COUNTY,TEXAS,48,SOUTHERN HIGH PLAINS,12,LUBBOCK,303,,,0,,SORGHUM,"SORGHUM, GRAIN, IRRIGATED - PRODUCTION, MEASURED IN BU",TOTAL,NOT SPECIFIED,"674,000",
SURVEY,1983,YEAR,,COUNTY,TEXAS,48,SOUTHERN HIGH PLAINS,12,LUBBOCK,303,,,0,,SORGHUM,"SORGHUM, GRAIN, IRRIGATED - YIELD, MEASURED IN BU / ACRE",TOTAL,NOT SPECIFIED,53.9,
SURVEY,1983,YEAR,,COUNTY,TEXAS,48,SOUTHERN HIGH PLAINS,12,LUBBOCK,303,,,0,,SORGHUM,"SORGHUM, GRAIN, IRRIGATED - YIELD, MEASURED IN BU / NET PLANTED ACRE",TOTAL,NOT SPECIFIED,52.2,
SURVEY,1983,YEAR,,COUNTY,TEXAS,48,SOUTHERN HIGH PLAINS,12,LUBBOCK,303,,,0,,SORGHUM,"SORGHUM, GRAIN, NON-IRRIGATED - ACRES HARVESTED",TOTAL,NOT SPECIFIED,"27,500",
SURVEY,1983,YEAR,,COUNTY,TEXAS,48,SOUTHERN HIGH PLAINS,12,LUBBOCK,303,,,0,,SORGHUM,"SORGHUM, GRAIN, NON-IRRIGATED - PRODUCTION, MEASURED IN BU",TOTAL,NOT SPECIFIED,"713,000",
SURVEY,1983,YEAR,,COUNTY,TEXAS,48,SOUTHERN HIGH PLAINS,12,LUBBOCK,303,,,0,,SORGHUM,"SORGHUM, GRAIN, NON-IRRIGATED - YIELD, MEASURED IN BU / ACRE",TOTAL,NOT SPECIFIED,25.9,
SURVEY,1983,YEAR,,COUNTY,TEXAS,48,SOUTHERN HIGH PLAINS,12,LUBBOCK,303,,,0,,SORGHUM,"SORGHUM, GRAIN, NON-IRRIGATED - YIELD, MEASURED IN BU / NET PLANTED ACRE",TOTAL,NOT SPECIFIED,25.3,
SURVEY,1983,YEAR,,COUNTY,TEXAS,48,SOUTHERN HIGH PLAINS,12,LUBBOCK,303,,,0,,SORGHUM,"SORGHUM, IRRIGATED - ACRES PLANTED",TOTAL,NOT SPECIFIED,"13,000",
SURVEY,1983,YEAR,,COUNTY,TEXAS,48,SOUTHERN HIGH PLAINS,12,LUBBOCK,303,,,0,,SORGHUM,"SORGHUM, NON-IRRIGATED - ACRES PLANTED",TOTAL,NOT SPECIFIED,"30,000",
SURVEY,1982,YEAR,,COUNTY,TEXAS,48,SOUTHERN HIGH PLAINS,12,LUBBOCK,303,,,0,,SORGHUM,SORGHUM - ACRES PLANTED,TOTAL,NOT SPECIFIED,"91,000",
SURVEY,1982,YEAR,,COUNTY,TEXAS,48,SOUTHERN HIGH PLAINS,12,LUBBOCK,303,,,0,,SORGHUM,"SORGHUM, GRAIN - ACRES HARVESTED",TOTAL,NOT SPECIFIED,"86,500",
SURVEY,1982,YEAR,,COUNTY,TEXAS,48,SOUTHERN HIGH PLAINS,12,LUBBOCK,303,,,0,,SORGHUM,"SORGHUM, GRAIN - PRODUCTION, MEASURED IN BU",TOTAL,NOT SPECIFIED,"4,357,000",
SURVEY,1982,YEAR,,COUNTY,TEXAS,48,SOUTHERN HIGH PLAINS,12,LUBBOCK,303,,,0,,SORGHUM,"SORGHUM, GRAIN - YIELD, MEASURED IN BU / ACRE",TOTAL,NOT SPECIFIED,50.4,
SURVEY,1982,YEAR,,COUNTY,TEXAS,48,SOUTHERN HIGH PLAINS,12,LUBBOCK,303,,,0,,SORGHUM,"SORGHUM, GRAIN - YIELD, MEASURED IN BU / NET PLANTED ACRE",TOTAL,NOT SPECIFIED,48.5,
SURVEY,1982,YEAR,,COUNTY,TEXAS,48,SOUTHERN HIGH PLAINS,12,LUBBOCK,303,,,0,,SORGHUM,"SORGHUM, GRAIN, IRRIGATED - ACRES HARVESTED",TOTAL,NOT SPECIFIED,"28,000",
SURVEY,1982,YEAR,,COUNTY,TEXAS,48,SOUTHERN HIGH PLAINS,12,LUBBOCK,303,,,0,,SORGHUM,"SORGHUM, GRAIN, IRRIGATED - PRODUCTION, MEASURED IN BU",TOTAL,NOT SPECIFIED,"1,657,000",
SURVEY,1982,YEAR,,COUNTY,TEXAS,48,SOUTHERN HIGH PLAINS,12,LUBBOCK,303,,,0,,SORGHUM,"SORGHUM, GRAIN, IRRIGATED - YIELD, MEASURED IN BU / ACRE",TOTAL,NOT SPECIFIED,59.2,
SURVEY,1982,YEAR,,COUNTY,TEXAS,48,SOUTHERN HIGH PLAINS,12,LUBBOCK,303,,,0,,SORGHUM,"SORGHUM, GRAIN, IRRIGATED - YIELD, MEASURED IN BU / NET PLANTED ACRE",TOTAL,NOT SPECIFIED,59.2,
SURVEY,1982,YEAR,,COUNTY,TEXAS,48,SOUTHERN HIGH PLAINS,12,LUBBOCK,303,,,0,,SORGHUM,"SORGHUM, GRAIN, NON-IRRIGATED - ACRES HARVESTED",TOTAL,NOT SPECIFIED,"58,500",
SURVEY,1982,YEAR,,COUNTY,TEXAS,48,SOUTHERN HIGH PLAINS,12,LUBBOCK,303,,,0,,SORGHUM,"SORGHUM, GRAIN, NON-IRRIGATED - PRODUCTION, MEASURED IN BU",TOTAL,NOT SPECIFIED,"2,700,000",
SURVEY,1982,YEAR,,COUNTY,TEXAS,48,SOUTHERN HIGH PLAINS,12,LUBBOCK,303,,,0,,SORGHUM,"SORGHUM, GRAIN, NON-IRRIGATED - YIELD, MEASURED IN BU / ACRE",TOTAL,NOT SPECIFIED,46.2,
SURVEY,1982,YEAR,,COUNTY,TEXAS,48,SOUTHERN HIGH PLAINS,12,LUBBOCK,303,,,0,,SORGHUM,"SORGHUM, GRAIN, NON-IRRIGATED - YIELD, MEASURED IN BU / NET PLANTED ACRE",TOTAL,NOT SPECIFIED,43.7,
SURVEY,1982,YEAR,,COUNTY,TEXAS,48,SOUTHERN HIGH PLAINS,12,LUBBOCK,303,,,0,,SORGHUM,"SORGHUM, IRRIGATED - ACRES PLANTED",TOTAL,NOT SPECIFIED,"28,000",
SURVEY,1982,YEAR,,COUNTY,TEXAS,48,SOUTHERN HIGH PLAINS,12,LUBBOCK,303,,,0,,SORGHUM,"SORGHUM, NON-IRRIGATED - ACRES PLANTED",TOTAL,NOT SPECIFIED,"63,000",
SURVEY,1981,YEAR,,COUNTY,TEXAS,48,SOUTHERN HIGH PLAINS,12,LUBBOCK,303,,,0,,SORGHUM,SORGHUM - ACRES PLANTED,TOTAL,NOT SPECIFIED,"7,400",
SURVEY,1981,YEAR,,COUNTY,TEXAS,48,SOUTHERN HIGH PLAINS,12,LUBBOCK,303,,,0,,SORGHUM,"SORGHUM, GRAIN - ACRES HARVESTED",TOTAL,NOT SPECIFIED,"7,200",
SURVEY,1981,YEAR,,COUNTY,TEXAS,48,SOUTHERN HIGH PLAINS,12,LUBBOCK,303,,,0,,SORGHUM,"SORGHUM, GRAIN - PRODUCTION, MEASURED IN BU",TOTAL,NOT SPECIFIED,"544,500",
SURVEY,1981,YEAR,,COUNTY,TEXAS,48,SOUTHERN HIGH PLAINS,12,LUBBOCK,303,,,0,,SORGHUM,"SORGHUM, GRAIN - YIELD, MEASURED IN BU / ACRE",TOTAL,NOT SPECIFIED,75.6,
SURVEY,1981,YEAR,,COUNTY,TEXAS,48,SOUTHERN HIGH PLAINS,12,LUBBOCK,303,,,0,,SORGHUM,"SORGHUM, GRAIN - YIELD, MEASURED IN BU / NET PLANTED ACRE",TOTAL,NOT SPECIFIED,75.6,
SURVEY,1981,YEAR,,COUNTY,TEXAS,48,SOUTHERN HIGH PLAINS,12,LUBBOCK,303,,,0,,SORGHUM,"SORGHUM, GRAIN, IRRIGATED - ACRES HARVESTED",TOTAL,NOT SPECIFIED,"6,700",
SURVEY,1981,YEAR,,COUNTY,TEXAS,48,SOUTHERN HIGH PLAINS,12,LUBBOCK,303,,,0,,SORGHUM,"SORGHUM, GRAIN, IRRIGATED - PRODUCTION, MEASURED IN BU",TOTAL,NOT SPECIFIED,"529,500",
SURVEY,1981,YEAR,,COUNTY,TEXAS,48,SOUTHERN HIGH PLAINS,12,LUBBOCK,303,,,0,,SORGHUM,"SORGHUM, GRAIN, IRRIGATED - YIELD, MEASURED IN BU / ACRE",TOTAL,NOT SPECIFIED,79,
SURVEY,1981,YEAR,,COUNTY,TEXAS,48,SOUTHERN HIGH PLAINS,12,LUBBOCK,303,,,0,,SORGHUM,"SORGHUM, GRAIN, IRRIGATED - YIELD, MEASURED IN BU / NET PLANTED ACRE",TOTAL,NOT SPECIFIED,79,
SURVEY,1981,YEAR,,COUNTY,TEXAS,48,SOUTHERN HIGH PLAINS,12,LUBBOCK,303,,,0,,SORGHUM,"SORGHUM, IRRIGATED - ACRES PLANTED",TOTAL,NOT SPECIFIED,"6,800",
SURVEY,1980,YEAR,,COUNTY,TEXAS,48,SOUTHERN HIGH PLAINS,12,LUBBOCK,303,,,0,,SORGHUM,SORGHUM - ACRES PLANTED,TOTAL,NOT SPECIFIED,"14,000",
SURVEY,1980,YEAR,,COUNTY,TEXAS,48,SOUTHERN HIGH PLAINS,12,LUBBOCK,303,,,0,,SORGHUM,"SORGHUM, GRAIN - ACRES HARVESTED",TOTAL,NOT SPECIFIED,"11,400",
SURVEY,1980,YEAR,,COUNTY,TEXAS,48,SOUTHERN HIGH PLAINS,12,LUBBOCK,303,,,0,,SORGHUM,"SORGHUM, GRAIN - PRODUCTION, MEASURED IN BU",TOTAL,NOT SPECIFIED,"555,500",
SURVEY,1980,YEAR,,COUNTY,TEXAS,48,SOUTHERN HIGH PLAINS,12,LUBBOCK,303,,,0,,SORGHUM,"SORGHUM, GRAIN - YIELD, MEASURED IN BU / ACRE",TOTAL,NOT SPECIFIED,48.7,
SURVEY,1980,YEAR,,COUNTY,TEXAS,48,SOUTHERN HIGH PLAINS,12,LUBBOCK,303,,,0,,SORGHUM,"SORGHUM, GRAIN - YIELD, MEASURED IN BU / NET PLANTED ACRE",TOTAL,NOT SPECIFIED,40,
SURVEY,1980,YEAR,,COUNTY,TEXAS,48,SOUTHERN HIGH PLAINS,12,LUBBOCK,303,,,0,,SORGHUM,"SORGHUM, GRAIN, IRRIGATED - ACRES HARVESTED",TOTAL,NOT SPECIFIED,"8,000",
SURVEY,1980,YEAR,,COUNTY,TEXAS,48,SOUTHERN HIGH PLAINS,12,LUBBOCK,303,,,0,,SORGHUM,"SORGHUM, GRAIN, IRRIGATED - PRODUCTION, MEASURED IN BU",TOTAL,NOT SPECIFIED,"502,500",
SURVEY,1980,YEAR,,COUNTY,TEXAS,48,SOUTHERN HIGH PLAINS,12,LUBBOCK,303,,,0,,SORGHUM,"SORGHUM, GRAIN, IRRIGATED - YIELD, MEASURED IN BU / ACRE",TOTAL,NOT SPECIFIED,62.8,
SURVEY,1980,YEAR,,COUNTY,TEXAS,48,SOUTHERN HIGH PLAINS,12,LUBBOCK,303,,,0,,SORGHUM,"SORGHUM, GRAIN, IRRIGATED - YIELD, MEASURED IN BU / NET PLANTED ACRE",TOTAL,NOT SPECIFIED,59.8,
SURVEY,1980,YEAR,,COUNTY,TEXAS,48,SOUTHERN HIGH PLAINS,12,LUBBOCK,303,,,0,,SORGHUM,"SORGHUM, GRAIN, NON-IRRIGATED - ACRES HARVESTED",TOTAL,NOT SPECIFIED,"3,400",
SURVEY,1980,YEAR,,COUNTY,TEXAS,48,SOUTHERN HIGH PLAINS,12,LUBBOCK,303,,,0,,SORGHUM,"SORGHUM, GRAIN, NON-IRRIGATED - PRODUCTION, MEASURED IN BU",TOTAL,NOT SPECIFIED,"53,000",
SURVEY,1980,YEAR,,COUNTY,TEXAS,48,SOUTHERN HIGH PLAINS,12,LUBBOCK,303,,,0,,SORGHUM,"SORGHUM, GRAIN, NON-IRRIGATED - YIELD, MEASURED IN BU / ACRE",TOTAL,NOT SPECIFIED,15.6,
SURVEY,1980,YEAR,,COUNTY,TEXAS,48,SOUTHERN HIGH PLAINS,12,LUBBOCK,303,,,0,,SORGHUM,"SORGHUM, GRAIN, NON-IRRIGATED - YIELD, MEASURED IN BU / NET PLANTED ACRE",TOTAL,NOT SPECIFIED,9.6,
SURVEY,1980,YEAR,,COUNTY,TEXAS,48,SOUTHERN HIGH PLAINS,12,LUBBOCK,303,,,0,,SORGHUM,"SORGHUM, IRRIGATED - ACRES PLANTED",TOTAL,NOT SPECIFIED,"8,400",
SURVEY,1980,YEAR,,COUNTY,TEXAS,48,SOUTHERN HIGH PLAINS,12,LUBBOCK,303,,,0,,SORGHUM,"SORGHUM, NON-IRRIGATED - ACRES PLANTED",TOTAL,NOT SPECIFIED,"5,600",
SURVEY,1979,YEAR,,COUNTY,TEXAS,48,SOUTHERN HIGH PLAINS,12,LUBBOCK,303,,,0,,SORGHUM,SORGHUM - ACRES PLANTED,TOTAL,NOT SPECIFIED,"16,200",
SURVEY,1979,YEAR,,COUNTY,TEXAS,48,SOUTHERN HIGH PLAINS,12,LUBBOCK,303,,,0,,SORGHUM,"SORGHUM, GRAIN - ACRES HARVESTED",TOTAL,NOT SPECIFIED,"14,300",
SURVEY,1979,YEAR,,COUNTY,TEXAS,48,SOUTHERN HIGH PLAINS,12,LUBBOCK,303,,,0,,SORGHUM,"SORGHUM, GRAIN - PRODUCTION, MEASURED IN BU",TOTAL,NOT SPECIFIED,"922,500",
SURVEY,1979,YEAR,,COUNTY,TEXAS,48,SOUTHERN HIGH PLAINS,12,LUBBOCK,303,,,0,,SORGHUM,"SORGHUM, GRAIN - YIELD, MEASURED IN BU / ACRE",TOTAL,NOT SPECIFIED,64.5,
SURVEY,1979,YEAR,,COUNTY,TEXAS,48,SOUTHERN HIGH PLAINS,12,LUBBOCK,303,,,0,,SORGHUM,"SORGHUM, GRAIN - YIELD, MEASURED IN BU / NET PLANTED ACRE",TOTAL,NOT SPECIFIED,63.2,
SURVEY,1979,YEAR,,COUNTY,TEXAS,48,SOUTHERN HIGH PLAINS,12,LUBBOCK,303,,,0,,SORGHUM,"SORGHUM, GRAIN, IRRIGATED - ACRES HARVESTED",TOTAL,NOT SPECIFIED,"8,300",
SURVEY,1979,YEAR,,COUNTY,TEXAS,48,SOUTHERN HIGH PLAINS,12,LUBBOCK,303,,,0,,SORGHUM,"SORGHUM, GRAIN, IRRIGATED - PRODUCTION, MEASURED IN BU",TOTAL,NOT SPECIFIED,"705,500",
SURVEY,1979,YEAR,,COUNTY,TEXAS,48,SOUTHERN HIGH PLAINS,12,LUBBOCK,303,,,0,,SORGHUM,"SORGHUM, GRAIN, IRRIGATED - YIELD, MEASURED IN BU / ACRE",TOTAL,NOT SPECIFIED,85,
SURVEY,1979,YEAR,,COUNTY,TEXAS,48,SOUTHERN HIGH PLAINS,12,LUBBOCK,303,,,0,,SORGHUM,"SORGHUM, GRAIN, IRRIGATED - YIELD, MEASURED IN BU / NET PLANTED ACRE",TOTAL,NOT SPECIFIED,83,
SURVEY,1979,YEAR,,COUNTY,TEXAS,48,SOUTHERN HIGH PLAINS,12,LUBBOCK,303,,,0,,SORGHUM,"SORGHUM, GRAIN, NON-IRRIGATED - ACRES HARVESTED",TOTAL,NOT SPECIFIED,"6,000",
SURVEY,1979,YEAR,,COUNTY,TEXAS,48,SOUTHERN HIGH PLAINS,12,LUBBOCK,303,,,0,,SORGHUM,"SORGHUM, GRAIN, NON-IRRIGATED - PRODUCTION, MEASURED IN BU",TOTAL,NOT SPECIFIED,"217,000",
SURVEY,1979,YEAR,,COUNTY,TEXAS,48,SOUTHERN HIGH PLAINS,12,LUBBOCK,303,,,0,,SORGHUM,"SORGHUM, GRAIN, NON-IRRIGATED - YIELD, MEASURED IN BU / ACRE",TOTAL,NOT SPECIFIED,36.2,
SURVEY,1979,YEAR,,COUNTY,TEXAS,48,SOUTHERN HIGH PLAINS,12,LUBBOCK,303,,,0,,SORGHUM,"SORGHUM, GRAIN, NON-IRRIGATED - YIELD, MEASURED IN BU / NET PLANTED ACRE",TOTAL,NOT SPECIFIED,35.6,
SURVEY,1979,YEAR,,COUNTY,TEXAS,48,SOUTHERN HIGH PLAINS,12,LUBBOCK,303,,,0,,SORGHUM,"SORGHUM, IRRIGATED - ACRES PLANTED",TOTAL,NOT SPECIFIED,"10,100",
SURVEY,1979,YEAR,,COUNTY,TEXAS,48,SOUTHERN HIGH PLAINS,12,LUBBOCK,303,,,0,,SORGHUM,"SORGHUM, NON-IRRIGATED - ACRES PLANTED",TOTAL,NOT SPECIFIED,"6,100",
SURVEY,1978,YEAR,,COUNTY,TEXAS,48,SOUTHERN HIGH PLAINS,12,LUBBOCK,303,,,0,,SORGHUM,SORGHUM - ACRES PLANTED,TOTAL,NOT SPECIFIED,"22,000",
SURVEY,1978,YEAR,,COUNTY,TEXAS,48,SOUTHERN HIGH PLAINS,12,LUBBOCK,303,,,0,,SORGHUM,"SORGHUM, GRAIN - ACRES HARVESTED",TOTAL,NOT SPECIFIED,"18,100",
SURVEY,1978,YEAR,,COUNTY,TEXAS,48,SOUTHERN HIGH PLAINS,12,LUBBOCK,303,,,0,,SORGHUM,"SORGHUM, GRAIN - PRODUCTION, MEASURED IN BU",TOTAL,NOT SPECIFIED,"1,006,300",
SURVEY,1978,YEAR,,COUNTY,TEXAS,48,SOUTHERN HIGH PLAINS,12,LUBBOCK,303,,,0,,SORGHUM,"SORGHUM, GRAIN - YIELD, MEASURED IN BU / ACRE",TOTAL,NOT SPECIFIED,55.6,
SURVEY,1978,YEAR,,COUNTY,TEXAS,48,SOUTHERN HIGH PLAINS,12,LUBBOCK,303,,,0,,SORGHUM,"SORGHUM, GRAIN - YIELD, MEASURED IN BU / NET PLANTED ACRE",TOTAL,NOT SPECIFIED,46.4,
SURVEY,1978,YEAR,,COUNTY,TEXAS,48,SOUTHERN HIGH PLAINS,12,LUBBOCK,303,,,0,,SORGHUM,"SORGHUM, GRAIN, IRRIGATED - ACRES HARVESTED",TOTAL,NOT SPECIFIED,"11,000",
SURVEY,1978,YEAR,,COUNTY,TEXAS,48,SOUTHERN HIGH PLAINS,12,LUBBOCK,303,,,0,,SORGHUM,"SORGHUM, GRAIN, IRRIGATED - PRODUCTION, MEASURED IN BU",TOTAL,NOT SPECIFIED,"757,800",
SURVEY,1978,YEAR,,COUNTY,TEXAS,48,SOUTHERN HIGH PLAINS,12,LUBBOCK,303,,,0,,SORGHUM,"SORGHUM, GRAIN, IRRIGATED - YIELD, MEASURED IN BU / ACRE",TOTAL,NOT SPECIFIED,68.9,
SURVEY,1978,YEAR,,COUNTY,TEXAS,48,SOUTHERN HIGH PLAINS,12,LUBBOCK,303,,,0,,SORGHUM,"SORGHUM, GRAIN, IRRIGATED - YIELD, MEASURED IN BU / NET PLANTED ACRE",TOTAL,NOT SPECIFIED,64.8,
SURVEY,1978,YEAR,,COUNTY,TEXAS,48,SOUTHERN HIGH PLAINS,12,LUBBOCK,303,,,0,,SORGHUM,"SORGHUM, GRAIN, NON-IRRIGATED - ACRES HARVESTED",TOTAL,NOT SPECIFIED,"7,100",
SURVEY,1978,YEAR,,COUNTY,TEXAS,48,SOUTHERN HIGH PLAINS,12,LUBBOCK,303,,,0,,SORGHUM,"SORGHUM, GRAIN, NON-IRRIGATED - PRODUCTION, MEASURED IN BU",TOTAL,NOT SPECIFIED,"248,500",
SURVEY,1978,YEAR,,COUNTY,TEXAS,48,SOUTHERN HIGH PLAINS,12,LUBBOCK,303,,,0,,SORGHUM,"SORGHUM, GRAIN, NON-IRRIGATED - YIELD, MEASURED IN BU / ACRE",TOTAL,NOT SPECIFIED,35,
SURVEY,1978,YEAR,,COUNTY,TEXAS,48,SOUTHERN HIGH PLAINS,12,LUBBOCK,303,,,0,,SORGHUM,"SORGHUM, GRAIN, NON-IRRIGATED - YIELD, MEASURED IN BU / NET PLANTED ACRE",TOTAL,NOT SPECIFIED,24.8,
SURVEY,1978,YEAR,,COUNTY,TEXAS,48,SOUTHERN HIGH PLAINS,12,LUBBOCK,303,,,0,,SORGHUM,"SORGHUM, IRRIGATED - ACRES PLANTED",TOTAL,NOT SPECIFIED,"11,900",
SURVEY,1978,YEAR,,COUNTY,TEXAS,48,SOUTHERN HIGH PLAINS,12,LUBBOCK,303,,,0,,SORGHUM,"SORGHUM, NON-IRRIGATED - ACRES PLANTED",TOTAL,NOT SPECIFIED,"10,100",
SURVEY,1977,YEAR,,COUNTY,TEXAS,48,SOUTHERN HIGH PLAINS,12,LUBBOCK,303,,,0,,SORGHUM,SORGHUM - ACRES PLANTED,TOTAL,NOT SPECIFIED,"37,800",
SURVEY,1977,YEAR,,COUNTY,TEXAS,48,SOUTHERN HIGH PLAINS,12,LUBBOCK,303,,,0,,SORGHUM,"SORGHUM, GRAIN - ACRES HARVESTED",TOTAL,NOT SPECIFIED,"35,700",
SURVEY,1977,YEAR,,COUNTY,TEXAS,48,SOUTHERN HIGH PLAINS,12,LUBBOCK,303,,,0,,SORGHUM,"SORGHUM, GRAIN - PRODUCTION, MEASURED IN BU",TOTAL,NOT SPECIFIED,"1,559,300",
SURVEY,1977,YEAR,,COUNTY,TEXAS,48,SOUTHERN HIGH PLAINS,12,LUBBOCK,303,,,0,,SORGHUM,"SORGHUM, GRAIN - YIELD, MEASURED IN BU / ACRE",TOTAL,NOT SPECIFIED,43.7,
SURVEY,1977,YEAR,,COUNTY,TEXAS,48,SOUTHERN HIGH PLAINS,12,LUBBOCK,303,,,0,,SORGHUM,"SORGHUM, GRAIN - YIELD, MEASURED IN BU / NET PLANTED ACRE",TOTAL,NOT SPECIFIED,43.7,
SURVEY,1977,YEAR,,COUNTY,TEXAS,48,SOUTHERN HIGH PLAINS,12,LUBBOCK,303,,,0,,SORGHUM,"SORGHUM, GRAIN, IRRIGATED - ACRES HARVESTED",TOTAL,NOT SPECIFIED,"20,700",
SURVEY,1977,YEAR,,COUNTY,TEXAS,48,SOUTHERN HIGH PLAINS,12,LUBBOCK,303,,,0,,SORGHUM,"SORGHUM, GRAIN, IRRIGATED - PRODUCTION, MEASURED IN BU",TOTAL,NOT SPECIFIED,"1,198,100",
SURVEY,1977,YEAR,,COUNTY,TEXAS,48,SOUTHERN HIGH PLAINS,12,LUBBOCK,303,,,0,,SORGHUM,"SORGHUM, GRAIN, IRRIGATED - YIELD, MEASURED IN BU / ACRE",TOTAL,NOT SPECIFIED,57.9,
SURVEY,1977,YEAR,,COUNTY,TEXAS,48,SOUTHERN HIGH PLAINS,12,LUBBOCK,303,,,0,,SORGHUM,"SORGHUM, GRAIN, IRRIGATED - YIELD, MEASURED IN BU / NET PLANTED ACRE",TOTAL,NOT SPECIFIED,57.9,
SURVEY,1977,YEAR,,COUNTY,TEXAS,48,SOUTHERN HIGH PLAINS,12,LUBBOCK,303,,,0,,SORGHUM,"SORGHUM, GRAIN, NON-IRRIGATED - ACRES HARVESTED",TOTAL,NOT SPECIFIED,"15,000",
SURVEY,1977,YEAR,,COUNTY,TEXAS,48,SOUTHERN HIGH PLAINS,12,LUBBOCK,303,,,0,,SORGHUM,"SORGHUM, GRAIN, NON-IRRIGATED - PRODUCTION, MEASURED IN BU",TOTAL,NOT SPECIFIED,"361,200",
SURVEY,1977,YEAR,,COUNTY,TEXAS,48,SOUTHERN HIGH PLAINS,12,LUBBOCK,303,,,0,,SORGHUM,"SORGHUM, GRAIN, NON-IRRIGATED - YIELD, MEASURED IN BU / ACRE",TOTAL,NOT SPECIFIED,24.1,
SURVEY,1977,YEAR,,COUNTY,TEXAS,48,SOUTHERN HIGH PLAINS,12,LUBBOCK,303,,,0,,SORGHUM,"SORGHUM, GRAIN, NON-IRRIGATED - YIELD, MEASURED IN BU / NET PLANTED ACRE",TOTAL,NOT SPECIFIED,24.1,
SURVEY,1977,YEAR,,COUNTY,TEXAS,48,SOUTHERN HIGH PLAINS,12,LUBBOCK,303,,,0,,SORGHUM,"SORGHUM, IRRIGATED - ACRES PLANTED",TOTAL,NOT SPECIFIED,"22,800",
SURVEY,1977,YEAR,,COUNTY,TEXAS,48,SOUTHERN HIGH PLAINS,12,LUBBOCK,303,,,0,,SORGHUM,"SORGHUM, NON-IRRIGATED - ACRES PLANTED",TOTAL,NOT SPECIFIED,"15,000",
SURVEY,1976,YEAR,,COUNTY,TEXAS,48,SOUTHERN HIGH PLAINS,12,LUBBOCK,303,,,0,,SORGHUM,SORGHUM - ACRES PLANTED,TOTAL,NOT SPECIFIED,"90,700",
SURVEY,1976,YEAR,,COUNTY,TEXAS,48,SOUTHERN HIGH PLAINS,12,LUBBOCK,303,,,0,,SORGHUM,"SORGHUM, GRAIN - ACRES HARVESTED",TOTAL,NOT SPECIFIED,"85,200",
SURVEY,1976,YEAR,,COUNTY,TEXAS,48,SOUTHERN HIGH PLAINS,12,LUBBOCK,303,,,0,,SORGHUM,"SORGHUM, GRAIN - PRODUCTION, MEASURED IN BU",TOTAL,NOT SPECIFIED,"5,363,500",
SURVEY,1976,YEAR,,COUNTY,TEXAS,48,SOUTHERN HIGH PLAINS,12,LUBBOCK,303,,,0,,SORGHUM,"SORGHUM, GRAIN - YIELD, MEASURED IN BU / ACRE",TOTAL,NOT SPECIFIED,63,
SURVEY,1976,YEAR,,COUNTY,TEXAS,48,SOUTHERN HIGH PLAINS,12,LUBBOCK,303,,,0,,SORGHUM,"SORGHUM, GRAIN - YIELD, MEASURED IN BU / NET PLANTED ACRE",TOTAL,NOT SPECIFIED,60.6,
SURVEY,1976,YEAR,,COUNTY,TEXAS,48,SOUTHERN HIGH PLAINS,12,LUBBOCK,303,,,0,,SORGHUM,"SORGHUM, GRAIN, IRRIGATED - ACRES HARVESTED",TOTAL,NOT SPECIFIED,"62,500",
SURVEY,1976,YEAR,,COUNTY,TEXAS,48,SOUTHERN HIGH PLAINS,12,LUBBOCK,303,,,0,,SORGHUM,"SORGHUM, GRAIN, IRRIGATED - PRODUCTION, MEASURED IN BU",TOTAL,NOT SPECIFIED,"4,732,500",
SURVEY,1976,YEAR,,COUNTY,TEXAS,48,SOUTHERN HIGH PLAINS,12,LUBBOCK,303,,,0,,SORGHUM,"SORGHUM, GRAIN, IRRIGATED - YIELD, MEASURED IN BU / ACRE",TOTAL,NOT SPECIFIED,75.7,
SURVEY,1976,YEAR,,COUNTY,TEXAS,48,SOUTHERN HIGH PLAINS,12,LUBBOCK,303,,,0,,SORGHUM,"SORGHUM, GRAIN, IRRIGATED - YIELD, MEASURED IN BU / NET PLANTED ACRE",TOTAL,NOT SPECIFIED,73,
SURVEY,1976,YEAR,,COUNTY,TEXAS,48,SOUTHERN HIGH PLAINS,12,LUBBOCK,303,,,0,,SORGHUM,"SORGHUM, GRAIN, NON-IRRIGATED - ACRES HARVESTED",TOTAL,NOT SPECIFIED,"22,700",
SURVEY,1976,YEAR,,COUNTY,TEXAS,48,SOUTHERN HIGH PLAINS,12,LUBBOCK,303,,,0,,SORGHUM,"SORGHUM, GRAIN, NON-IRRIGATED - PRODUCTION, MEASURED IN BU",TOTAL,NOT SPECIFIED,"631,000",
SURVEY,1976,YEAR,,COUNTY,TEXAS,48,SOUTHERN HIGH PLAINS,12,LUBBOCK,303,,,0,,SORGHUM,"SORGHUM, GRAIN, NON-IRRIGATED - YIELD, MEASURED IN BU / ACRE",TOTAL,NOT SPECIFIED,27.8,
SURVEY,1976,YEAR,,COUNTY,TEXAS,48,SOUTHERN HIGH PLAINS,12,LUBBOCK,303,,,0,,SORGHUM,"SORGHUM, GRAIN, NON-IRRIGATED - YIELD, MEASURED IN BU / NET PLANTED ACRE",TOTAL,NOT SPECIFIED,26.6,
SURVEY,1976,YEAR,,COUNTY,TEXAS,48,SOUTHERN HIGH PLAINS,12,LUBBOCK,303,,,0,,SORGHUM,"SORGHUM, IRRIGATED - ACRES PLANTED",TOTAL,NOT SPECIFIED,"66,600",
SURVEY,1976,YEAR,,COUNTY,TEXAS,48,SOUTHERN HIGH PLAINS,12,LUBBOCK,303,,,0,,SORGHUM,"SORGHUM, NON-IRRIGATED - ACRES PLANTED",TOTAL,NOT SPECIFIED,"24,100",
SURVEY,1975,YEAR,,COUNTY,TEXAS,48,SOUTHERN HIGH PLAINS,12,LUBBOCK,303,,,0,,SORGHUM,SORGHUM - ACRES PLANTED,TOTAL,NOT SPECIFIED,"115,100",
SURVEY,1975,YEAR,,COUNTY,TEXAS,48,SOUTHERN HIGH PLAINS,12,LUBBOCK,303,,,0,,SORGHUM,"SORGHUM, GRAIN - ACRES HARVESTED",TOTAL,NOT SPECIFIED,"111,800",
SURVEY,1975,YEAR,,COUNTY,TEXAS,48,SOUTHERN HIGH PLAINS,12,LUBBOCK,303,,,0,,SORGHUM,"SORGHUM, GRAIN - PRODUCTION, MEASURED IN BU",TOTAL,NOT SPECIFIED,"7,420,400",
SURVEY,1975,YEAR,,COUNTY,TEXAS,48,SOUTHERN HIGH PLAINS,12,LUBBOCK,303,,,0,,SORGHUM,"SORGHUM, GRAIN - YIELD, MEASURED IN BU / ACRE",TOTAL,NOT SPECIFIED,66.4,
SURVEY,1975,YEAR,,COUNTY,TEXAS,48,SOUTHERN HIGH PLAINS,12,LUBBOCK,303,,,0,,SORGHUM,"SORGHUM, GRAIN - YIELD, MEASURED IN BU / NET PLANTED ACRE",TOTAL,NOT SPECIFIED,65.3,
SURVEY,1975,YEAR,,COUNTY,TEXAS,48,SOUTHERN HIGH PLAINS,12,LUBBOCK,303,,,0,,SORGHUM,"SORGHUM, GRAIN, IRRIGATED - ACRES HARVESTED",TOTAL,NOT SPECIFIED,"76,200",
SURVEY,1975,YEAR,,COUNTY,TEXAS,48,SOUTHERN HIGH PLAINS,12,LUBBOCK,303,,,0,,SORGHUM,"SORGHUM, GRAIN, IRRIGATED - PRODUCTION, MEASURED IN BU",TOTAL,NOT SPECIFIED,"6,170,800",
SURVEY,1975,YEAR,,COUNTY,TEXAS,48,SOUTHERN HIGH PLAINS,12,LUBBOCK,303,,,0,,SORGHUM,"SORGHUM, GRAIN, IRRIGATED - YIELD, MEASURED IN BU / ACRE",TOTAL,NOT SPECIFIED,81,
SURVEY,1975,YEAR,,COUNTY,TEXAS,48,SOUTHERN HIGH PLAINS,12,LUBBOCK,303,,,0,,SORGHUM,"SORGHUM, GRAIN, IRRIGATED - YIELD, MEASURED IN BU / NET PLANTED ACRE",TOTAL,NOT SPECIFIED,80.8,
SURVEY,1975,YEAR,,COUNTY,TEXAS,48,SOUTHERN HIGH PLAINS,12,LUBBOCK,303,,,0,,SORGHUM,"SORGHUM, GRAIN, NON-IRRIGATED - ACRES HARVESTED",TOTAL,NOT SPECIFIED,"35,600",
SURVEY,1975,YEAR,,COUNTY,TEXAS,48,SOUTHERN HIGH PLAINS,12,LUBBOCK,303,,,0,,SORGHUM,"SORGHUM, GRAIN, NON-IRRIGATED - PRODUCTION, MEASURED IN BU",TOTAL,NOT SPECIFIED,"1,249,600",
SURVEY,1975,YEAR,,COUNTY,TEXAS,48,SOUTHERN HIGH PLAINS,12,LUBBOCK,303,,,0,,SORGHUM,"SORGHUM, GRAIN, NON-IRRIGATED - YIELD, MEASURED IN BU / ACRE",TOTAL,NOT SPECIFIED,35.1,
SURVEY,1975,YEAR,,COUNTY,TEXAS,48,SOUTHERN HIGH PLAINS,12,LUBBOCK,303,,,0,,SORGHUM,"SORGHUM, GRAIN, NON-IRRIGATED - YIELD, MEASURED IN BU / NET PLANTED ACRE",TOTAL,NOT SPECIFIED,33.6,
SURVEY,1975,YEAR,,COUNTY,TEXAS,48,SOUTHERN HIGH PLAINS,12,LUBBOCK,303,,,0,,SORGHUM,"SORGHUM, IRRIGATED - ACRES PLANTED",TOTAL,NOT SPECIFIED,"77,800",
SURVEY,1975,YEAR,,COUNTY,TEXAS,48,SOUTHERN HIGH PLAINS,12,LUBBOCK,303,,,0,,SORGHUM,"SORGHUM, NON-IRRIGATED - ACRES PLANTED",TOTAL,NOT SPECIFIED,"37,300",
SURVEY,1974,YEAR,,COUNTY,TEXAS,48,SOUTHERN HIGH PLAINS,12,LUBBOCK,303,,,0,,SORGHUM,SORGHUM - ACRES PLANTED,TOTAL,NOT SPECIFIED,"84,000",
SURVEY,1974,YEAR,,COUNTY,TEXAS,48,SOUTHERN HIGH PLAINS,12,LUBBOCK,303,,,0,,SORGHUM,"SORGHUM, GRAIN - ACRES HARVESTED",TOTAL,NOT SPECIFIED,"55,400",
SURVEY,1974,YEAR,,COUNTY,TEXAS,48,SOUTHERN HIGH PLAINS,12,LUBBOCK,303,,,0,,SORGHUM,"SORGHUM, GRAIN - PRODUCTION, MEASURED IN BU",TOTAL,NOT SPECIFIED,"3,079,000",
SURVEY,1974,YEAR,,COUNTY,TEXAS,48,SOUTHERN HIGH PLAINS,12,LUBBOCK,303,,,0,,SORGHUM,"SORGHUM, GRAIN - YIELD, MEASURED IN BU / ACRE",TOTAL,NOT SPECIFIED,55.6,
SURVEY,1974,YEAR,,COUNTY,TEXAS,48,SOUTHERN HIGH PLAINS,12,LUBBOCK,303,,,0,,SORGHUM,"SORGHUM, GRAIN - YIELD, MEASURED IN BU / NET PLANTED ACRE",TOTAL,NOT SPECIFIED,40.3,
SURVEY,1974,YEAR,,COUNTY,TEXAS,48,SOUTHERN HIGH PLAINS,12,LUBBOCK,303,,,0,,SORGHUM,"SORGHUM, GRAIN, IRRIGATED - ACRES HARVESTED",TOTAL,NOT SPECIFIED,"43,000",
SURVEY,1974,YEAR,,COUNTY,TEXAS,48,SOUTHERN HIGH PLAINS,12,LUBBOCK,303,,,0,,SORGHUM,"SORGHUM, GRAIN, IRRIGATED - PRODUCTION, MEASURED IN BU",TOTAL,NOT SPECIFIED,"2,864,000",
SURVEY,1974,YEAR,,COUNTY,TEXAS,48,SOUTHERN HIGH PLAINS,12,LUBBOCK,303,,,0,,SORGHUM,"SORGHUM, GRAIN, IRRIGATED - YIELD, MEASURED IN BU / ACRE",TOTAL,NOT SPECIFIED,66.6,
SURVEY,1974,YEAR,,COUNTY,TEXAS,48,SOUTHERN HIGH PLAINS,12,LUBBOCK,303,,,0,,SORGHUM,"SORGHUM, GRAIN, IRRIGATED - YIELD, MEASURED IN BU / NET PLANTED ACRE",TOTAL,NOT SPECIFIED,63.2,
SURVEY,1974,YEAR,,COUNTY,TEXAS,48,SOUTHERN HIGH PLAINS,12,LUBBOCK,303,,,0,,SORGHUM,"SORGHUM, GRAIN, NON-IRRIGATED - ACRES HARVESTED",TOTAL,NOT SPECIFIED,"12,400",
SURVEY,1974,YEAR,,COUNTY,TEXAS,48,SOUTHERN HIGH PLAINS,12,LUBBOCK,303,,,0,,SORGHUM,"SORGHUM, GRAIN, NON-IRRIGATED - PRODUCTION, MEASURED IN BU",TOTAL,NOT SPECIFIED,"215,000",
SURVEY,1974,YEAR,,COUNTY,TEXAS,48,SOUTHERN HIGH PLAINS,12,LUBBOCK,303,,,0,,SORGHUM,"SORGHUM, GRAIN, NON-IRRIGATED - YIELD, MEASURED IN BU / ACRE",TOTAL,NOT SPECIFIED,17.3,
SURVEY,1974,YEAR,,COUNTY,TEXAS,48,SOUTHERN HIGH PLAINS,12,LUBBOCK,303,,,0,,SORGHUM,"SORGHUM, GRAIN, NON-IRRIGATED - YIELD, MEASURED IN BU / NET PLANTED ACRE",TOTAL,NOT SPECIFIED,6.9,
SURVEY,1974,YEAR,,COUNTY,TEXAS,48,SOUTHERN HIGH PLAINS,12,LUBBOCK,303,,,0,,SORGHUM,"SORGHUM, IRRIGATED - ACRES PLANTED",TOTAL,NOT SPECIFIED,"52,000",
SURVEY,1974,YEAR,,COUNTY,TEXAS,48,SOUTHERN HIGH PLAINS,12,LUBBOCK,303,,,0,,SORGHUM,"SORGHUM, NON-IRRIGATED - ACRES PLANTED",TOTAL,NOT SPECIFIED,"32,000",
SURVEY,1973,YEAR,,COUNTY,TEXAS,48,SOUTHERN HIGH PLAINS,12,LUBBOCK,303,,,0,,SORGHUM,SORGHUM - ACRES PLANTED,TOTAL,NOT SPECIFIED,"120,000",
SURVEY,1973,YEAR,,COUNTY,TEXAS,48,SOUTHERN HIGH PLAINS,12,LUBBOCK,303,,,0,,SORGHUM,"SORGHUM, GRAIN - ACRES HARVESTED",TOTAL,NOT SPECIFIED,"115,000",
SURVEY,1973,YEAR,,COUNTY,TEXAS,48,SOUTHERN HIGH PLAINS,12,LUBBOCK,303,,,0,,SORGHUM,"SORGHUM, GRAIN - PRODUCTION, MEASURED IN BU",TOTAL,NOT SPECIFIED,"7,935,000",
SURVEY,1973,YEAR,,COUNTY,TEXAS,48,SOUTHERN HIGH PLAINS,12,LUBBOCK,303,,,0,,SORGHUM,"SORGHUM, GRAIN - YIELD, MEASURED IN BU / ACRE",TOTAL,NOT SPECIFIED,69,
SURVEY,1973,YEAR,,COUNTY,TEXAS,48,SOUTHERN HIGH PLAINS,12,LUBBOCK,303,,,0,,SORGHUM,"SORGHUM, GRAIN - YIELD, MEASURED IN BU / NET PLANTED ACRE",TOTAL,NOT SPECIFIED,68.3,
SURVEY,1973,YEAR,,COUNTY,TEXAS,48,SOUTHERN HIGH PLAINS,12,LUBBOCK,303,,,0,,SORGHUM,"SORGHUM, GRAIN, IRRIGATED - ACRES HARVESTED",TOTAL,NOT SPECIFIED,"74,000",
SURVEY,1973,YEAR,,COUNTY,TEXAS,48,SOUTHERN HIGH PLAINS,12,LUBBOCK,303,,,0,,SORGHUM,"SORGHUM, GRAIN, IRRIGATED - PRODUCTION, MEASURED IN BU",TOTAL,NOT SPECIFIED,"6,496,000",
SURVEY,1973,YEAR,,COUNTY,TEXAS,48,SOUTHERN HIGH PLAINS,12,LUBBOCK,303,,,0,,SORGHUM,"SORGHUM, GRAIN, IRRIGATED - YIELD, MEASURED IN BU / ACRE",TOTAL,NOT SPECIFIED,87.8,
SURVEY,1973,YEAR,,COUNTY,TEXAS,48,SOUTHERN HIGH PLAINS,12,LUBBOCK,303,,,0,,SORGHUM,"SORGHUM, GRAIN, IRRIGATED - YIELD, MEASURED IN BU / NET PLANTED ACRE",TOTAL,NOT SPECIFIED,87.7,
SURVEY,1973,YEAR,,COUNTY,TEXAS,48,SOUTHERN HIGH PLAINS,12,LUBBOCK,303,,,0,,SORGHUM,"SORGHUM, GRAIN, NON-IRRIGATED - ACRES HARVESTED",TOTAL,NOT SPECIFIED,"41,000",
SURVEY,1973,YEAR,,COUNTY,TEXAS,48,SOUTHERN HIGH PLAINS,12,LUBBOCK,303,,,0,,SORGHUM,"SORGHUM, GRAIN, NON-IRRIGATED - PRODUCTION, MEASURED IN BU",TOTAL,NOT SPECIFIED,"1,439,000",
SURVEY,1973,YEAR,,COUNTY,TEXAS,48,SOUTHERN HIGH PLAINS,12,LUBBOCK,303,,,0,,SORGHUM,"SORGHUM, GRAIN, NON-IRRIGATED - YIELD, MEASURED IN BU / ACRE",TOTAL,NOT SPECIFIED,35.1,
SURVEY,1973,YEAR,,COUNTY,TEXAS,48,SOUTHERN HIGH PLAINS,12,LUBBOCK,303,,,0,,SORGHUM,"SORGHUM, GRAIN, NON-IRRIGATED - YIELD, MEASURED IN BU / NET PLANTED ACRE",TOTAL,NOT SPECIFIED,34.2,
SURVEY,1973,YEAR,,COUNTY,TEXAS,48,SOUTHERN HIGH PLAINS,12,LUBBOCK,303,,,0,,SORGHUM,"SORGHUM, IRRIGATED - ACRES PLANTED",TOTAL,NOT SPECIFIED,"77,000",
SURVEY,1973,YEAR,,COUNTY,TEXAS,48,SOUTHERN HIGH PLAINS,12,LUBBOCK,303,,,0,,SORGHUM,"SORGHUM, NON-IRRIGATED - ACRES PLANTED",TOTAL,NOT SPECIFIED,"43,000",
SURVEY,1972,YEAR,,COUNTY,TEXAS,48,SOUTHERN HIGH PLAINS,12,LUBBOCK,303,,,0,,SORGHUM,SORGHUM - ACRES PLANTED,TOTAL,NOT SPECIFIED,"105,000",
SURVEY,1972,YEAR,,COUNTY,TEXAS,48,SOUTHERN HIGH PLAINS,12,LUBBOCK,303,,,0,,SORGHUM,"SORGHUM, GRAIN - ACRES HARVESTED",TOTAL,NOT SPECIFIED,"100,000",
SURVEY,1972,YEAR,,COUNTY,TEXAS,48,SOUTHERN HIGH PLAINS,12,LUBBOCK,303,,,0,,SORGHUM,"SORGHUM, GRAIN - PRODUCTION, MEASURED IN BU",TOTAL,NOT SPECIFIED,"6,724,800",
SURVEY,1972,YEAR,,COUNTY,TEXAS,48,SOUTHERN HIGH PLAINS,12,LUBBOCK,303,,,0,,SORGHUM,"SORGHUM, GRAIN - YIELD, MEASURED IN BU / ACRE",TOTAL,NOT SPECIFIED,67.2,
SURVEY,1972,YEAR,,COUNTY,TEXAS,48,SOUTHERN HIGH PLAINS,12,LUBBOCK,303,,,0,,SORGHUM,"SORGHUM, GRAIN - YIELD, MEASURED IN BU / NET PLANTED ACRE",TOTAL,NOT SPECIFIED,65.8,
SURVEY,1972,YEAR,,COUNTY,TEXAS,48,SOUTHERN HIGH PLAINS,12,LUBBOCK,303,,,0,,SORGHUM,"SORGHUM, GRAIN, IRRIGATED - ACRES HARVESTED",TOTAL,NOT SPECIFIED,"65,000",
SURVEY,1972,YEAR,,COUNTY,TEXAS,48,SOUTHERN HIGH PLAINS,12,LUBBOCK,303,,,0,,SORGHUM,"SORGHUM, GRAIN, IRRIGATED - PRODUCTION, MEASURED IN BU",TOTAL,NOT SPECIFIED,"5,386,500",
SURVEY,1972,YEAR,,COUNTY,TEXAS,48,SOUTHERN HIGH PLAINS,12,LUBBOCK,303,,,0,,SORGHUM,"SORGHUM, GRAIN, IRRIGATED - YIELD, MEASURED IN BU / ACRE",TOTAL,NOT SPECIFIED,82.9,
SURVEY,1972,YEAR,,COUNTY,TEXAS,48,SOUTHERN HIGH PLAINS,12,LUBBOCK,303,,,0,,SORGHUM,"SORGHUM, GRAIN, IRRIGATED - YIELD, MEASURED IN BU / NET PLANTED ACRE",TOTAL,NOT SPECIFIED,81.1,
SURVEY,1972,YEAR,,COUNTY,TEXAS,48,SOUTHERN HIGH PLAINS,12,LUBBOCK,303,,,0,,SORGHUM,"SORGHUM, GRAIN, NON-IRRIGATED - ACRES HARVESTED",TOTAL,NOT SPECIFIED,"35,000",
SURVEY,1972,YEAR,,COUNTY,TEXAS,48,SOUTHERN HIGH PLAINS,12,LUBBOCK,303,,,0,,SORGHUM,"SORGHUM, GRAIN, NON-IRRIGATED - PRODUCTION, MEASURED IN BU",TOTAL,NOT SPECIFIED,"1,338,300",
SURVEY,1972,YEAR,,COUNTY,TEXAS,48,SOUTHERN HIGH PLAINS,12,LUBBOCK,303,,,0,,SORGHUM,"SORGHUM, GRAIN, NON-IRRIGATED - YIELD, MEASURED IN BU / ACRE",TOTAL,NOT SPECIFIED,38.2,
SURVEY,1972,YEAR,,COUNTY,TEXAS,48,SOUTHERN HIGH PLAINS,12,LUBBOCK,303,,,0,,SORGHUM,"SORGHUM, GRAIN, NON-IRRIGATED - YIELD, MEASURED IN BU / NET PLANTED ACRE",TOTAL,NOT SPECIFIED,37.4,
SURVEY,1972,YEAR,,COUNTY,TEXAS,48,SOUTHERN HIGH PLAINS,12,LUBBOCK,303,,,0,,SORGHUM,"SORGHUM, IRRIGATED - ACRES PLANTED",TOTAL,NOT SPECIFIED,"69,000",
SURVEY,1972,YEAR,,COUNTY,TEXAS,48,SOUTHERN HIGH PLAINS,12,LUBBOCK,303,,,0,,SORGHUM,"SORGHUM, NON-IRRIGATED - ACRES PLANTED",TOTAL,NOT SPECIFIED,"36,000",
SURVEY,1971,YEAR,,COUNTY,TEXAS,48,SOUTHERN HIGH PLAINS,12,LUBBOCK,303,,,0,,SORGHUM,SORGHUM - ACRES PLANTED,TOTAL,NOT SPECIFIED,"145,000",
SURVEY,1971,YEAR,,COUNTY,TEXAS,48,SOUTHERN HIGH PLAINS,12,LUBBOCK,303,,,0,,SORGHUM,"SORGHUM, GRAIN - ACRES HARVESTED",TOTAL,NOT SPECIFIED,"134,100",
SURVEY,1971,YEAR,,COUNTY,TEXAS,48,SOUTHERN HIGH PLAINS,12,LUBBOCK,303,,,0,,SORGHUM,"SORGHUM, GRAIN - PRODUCTION, MEASURED IN BU",TOTAL,NOT SPECIFIED,"6,561,000",
SURVEY,1971,YEAR,,COUNTY,TEXAS,48,SOUTHERN HIGH PLAINS,12,LUBBOCK,303,,,0,,SORGHUM,"SORGHUM, GRAIN - YIELD, MEASURED IN BU / ACRE",TOTAL,NOT SPECIFIED,48.9,
SURVEY,1970,YEAR,,COUNTY,TEXAS,48,SOUTHERN HIGH PLAINS,12,LUBBOCK,303,,,0,,SORGHUM,SORGHUM - ACRES PLANTED,TOTAL,NOT SPECIFIED,"146,000",
SURVEY,1970,YEAR,,COUNTY,TEXAS,48,SOUTHERN HIGH PLAINS,12,LUBBOCK,303,,,0,,SORGHUM,"SORGHUM, GRAIN - ACRES HARVESTED",TOTAL,NOT SPECIFIED,"141,800",
SURVEY,1970,YEAR,,COUNTY,TEXAS,48,SOUTHERN HIGH PLAINS,12,LUBBOCK,303,,,0,,SORGHUM,"SORGHUM, GRAIN - PRODUCTION, MEASURED IN BU",TOTAL,NOT SPECIFIED,"8,226,000",
SURVEY,1970,YEAR,,COUNTY,TEXAS,48,SOUTHERN HIGH PLAINS,12,LUBBOCK,303,,,0,,SORGHUM,"SORGHUM, GRAIN - YIELD, MEASURED IN BU / ACRE",TOTAL,NOT SPECIFIED,58,
SURVEY,1969,YEAR,,COUNTY,TEXAS,48,SOUTHERN HIGH PLAINS,12,LUBBOCK,303,,,0,,SORGHUM,SORGHUM - ACRES PLANTED,TOTAL,NOT SPECIFIED,"143,000",
SURVEY,1969,YEAR,,COUNTY,TEXAS,48,SOUTHERN HIGH PLAINS,12,LUBBOCK,303,,,0,,SORGHUM,"SORGHUM, GRAIN - ACRES HARVESTED",TOTAL,NOT SPECIFIED,"126,600",
SURVEY,1969,YEAR,,COUNTY,TEXAS,48,SOUTHERN HIGH PLAINS,12,LUBBOCK,303,,,0,,SORGHUM,"SORGHUM, GRAIN - PRODUCTION, MEASURED IN BU",TOTAL,NOT SPECIFIED,"6,168,900",
SURVEY,1969,YEAR,,COUNTY,TEXAS,48,SOUTHERN HIGH PLAINS,12,LUBBOCK,303,,,0,,SORGHUM,"SORGHUM, GRAIN - YIELD, MEASURED IN BU / ACRE",TOTAL,NOT SPECIFIED,48.7,
SURVEY,1968,YEAR,,COUNTY,TEXAS,48,SOUTHERN HIGH PLAINS,12,LUBBOCK,303,,,0,,SORGHUM,SORGHUM - ACRES PLANTED,TOTAL,NOT SPECIFIED,"142,700",
SURVEY,1968,YEAR,,COUNTY,TEXAS,48,SOUTHERN HIGH PLAINS,12,LUBBOCK,303,,,0,,SORGHUM,"SORGHUM, GRAIN - ACRES HARVESTED",TOTAL,NOT SPECIFIED,"137,600",
SURVEY,1968,YEAR,,COUNTY,TEXAS,48,SOUTHERN HIGH PLAINS,12,LUBBOCK,303,,,0,,SORGHUM,"SORGHUM, GRAIN - PRODUCTION, MEASURED IN BU",TOTAL,NOT SPECIFIED,"7,898,000",
SURVEY,1968,YEAR,,COUNTY,TEXAS,48,SOUTHERN HIGH PLAINS,12,LUBBOCK,303,,,0,,SORGHUM,"SORGHUM, GRAIN - YIELD, MEASURED IN BU / ACRE",TOTAL,NOT SPECIFIED,57.4,
