"obs_date","treatment","material","rate_kg_ha","n_rate_kg_ha","p_rate_kg_ha","k_rate_kg_ha","date","year","rate","units","observation_type","equipment","crop","obs_code","rate_seeds_ha","rate_seeds_m2","row_spacing_mm","seed_depth_mm","cultivar"
"6/26/1989","T1","ammonium nitrate (34-0-0)",364,124,0,0,1989-06-26,1989,325,"lb/ac","Fertilizer application",NA,NA,"NH4NO3N",NA,NA,NA,NA,NA
"6/29/1989","T2","ammonium nitrate (34-0-0)",364,124,0,0,1989-06-29,1989,325,"lb/ac","Fertilizer application",NA,NA,"NH4NO3N",NA,NA,NA,NA,NA
"6/29/1989","T5","ammonium nitrate (34-0-0)",364,124,0,0,1989-06-29,1989,325,"lb/ac","Fertilizer application",NA,NA,"NH4NO3N",NA,NA,NA,NA,NA
"4/30/1990","T3","ammonium nitrate (34-0-0)",83,28,0,0,1990-04-30,1990,74,"lb/ac","Fertilizer application",NA,NA,"NH4NO3N",NA,NA,NA,NA,NA
"6/7/1991","T3","boron (B)",0,0,0,0,1991-06-07,1991,0,"lb/ac","Fertilizer application",NA,NA,NA,NA,NA,NA,NA,NA
"6/7/1991","T4","boron (B)",0,0,0,0,1991-06-07,1991,0,"lb/ac","Fertilizer application",NA,NA,NA,NA,NA,NA,NA,NA
"6/12/1991","T6","0-0-60 potash fertilizer",393,0,0,117,1991-06-12,1991,351,"lb/ac","Fertilizer application",NA,NA,NA,NA,NA,NA,NA,NA
"6/15/1991","T1","ammonium nitrate (34-0-0)",364,124,0,0,1991-06-15,1991,325,"lb/ac","Fertilizer application",NA,NA,"NH4NO3N",NA,NA,NA,NA,NA
"6/17/1991","T2","ammonium nitrate (34-0-0)",364,124,0,0,1991-06-17,1991,325,"lb/ac","Fertilizer application",NA,NA,"NH4NO3N",NA,NA,NA,NA,NA
"7/18/1991","T2","ammonium nitrate (34-0-0)",364,124,0,0,1991-07-18,1991,325,"lb/ac","Fertilizer application",NA,NA,"NH4NO3N",NA,NA,NA,NA,NA
"6/3/1992","T6","0-0-60 potash fertilizer",112,0,0,33,1992-06-03,1992,100,"lb/ac","Fertilizer application",NA,NA,NA,NA,NA,NA,NA,NA
"4/27/1993","T1","0-0-60 potash fertilizer",90,0,0,27,1993-04-27,1993,80,"lb/ac","Fertilizer application",NA,NA,NA,NA,NA,NA,NA,NA
"4/27/1993","T2","0-0-60 potash fertilizer",103,0,0,31,1993-04-27,1993,92,"lb/ac","Fertilizer application",NA,NA,NA,NA,NA,NA,NA,NA
"4/27/1993","T3","0-0-60 potash fertilizer",103,0,0,31,1993-04-27,1993,92,"lb/ac","Fertilizer application",NA,NA,NA,NA,NA,NA,NA,NA
"5/14/1993","T3","28% UAN (28-0-0)",216,60,0,0,1993-05-14,1993,193,"lb/ac","Fertilizer application",NA,NA,"UreaNO3",NA,NA,NA,NA,NA
"5/28/1993","T6","0-0-60 potash fertilizer",231,0,0,68,1993-05-28,1993,206,"lb/ac","Fertilizer application",NA,NA,NA,NA,NA,NA,NA,NA
"7/1/1993","T1","ammonium nitrate (34-0-0)",247,84,0,0,1993-07-01,1993,220,"lb/ac","Fertilizer application",NA,NA,"NH4NO3N",NA,NA,NA,NA,NA
"7/1/1993","T2","ammonium nitrate (34-0-0)",247,84,0,0,1993-07-01,1993,220,"lb/ac","Fertilizer application",NA,NA,"NH4NO3N",NA,NA,NA,NA,NA
"6/9/1994","T3","28% UAN (28-0-0)",6,2,0,0,1994-06-09,1994,5,"lb/ac","Fertilizer application",NA,NA,"UreaNO3",NA,NA,NA,NA,NA
"7/27/1994","T6","0-0-60 potash fertilizer",152,0,0,45,1994-07-27,1994,136,"lb/ac","Fertilizer application",NA,NA,NA,NA,NA,NA,NA,NA
"4/17/1995","T1","ammonium nitrate (34-0-0)",165,56,0,0,1995-04-17,1995,147,"lb/ac","Fertilizer application",NA,NA,"NH4NO3N",NA,NA,NA,NA,NA
"4/17/1995","T2","ammonium nitrate (34-0-0)",165,56,0,0,1995-04-17,1995,147,"lb/ac","Fertilizer application",NA,NA,"NH4NO3N",NA,NA,NA,NA,NA
"4/20/1995","T3","ammonium nitrate (34-0-0)",99,34,0,0,1995-04-20,1995,88,"lb/ac","Fertilizer application",NA,NA,"NH4NO3N",NA,NA,NA,NA,NA
"6/2/1995","T6","0-0-60 potash fertilizer",230,0,0,68,1995-06-02,1995,205,"lb/ac","Fertilizer application",NA,NA,NA,NA,NA,NA,NA,NA
"6/2/1995","T6","lime",2807,0,0,0,1995-06-02,1995,2504,"lb/ac","Fertilizer application",NA,NA,"CalciteCA",NA,NA,NA,NA,NA
"3/4/1996","T1","0-0-60 potash fertilizer",225,0,0,67,1996-03-04,1996,201,"lb/ac","Fertilizer application",NA,NA,NA,NA,NA,NA,NA,NA
"3/4/1996","T2","0-0-60 potash fertilizer",225,0,0,67,1996-03-04,1996,201,"lb/ac","Fertilizer application",NA,NA,NA,NA,NA,NA,NA,NA
"3/7/1996","T2","0-0-60 potash fertilizer",225,0,0,67,1996-03-07,1996,201,"lb/ac","Fertilizer application",NA,NA,NA,NA,NA,NA,NA,NA
"3/7/1996","T3","0-0-60 potash fertilizer",112,0,0,33,1996-03-07,1996,100,"lb/ac","Fertilizer application",NA,NA,NA,NA,NA,NA,NA,NA
"5/14/1996","T1","28% UAN (28-0-0)",96,27,0,0,1996-05-14,1996,86,"lb/ac","Fertilizer application",NA,NA,"UreaNO3",NA,NA,NA,NA,NA
"5/14/1996","T1","N",28,28,NA,NA,1996-05-14,1996,25,"lb/ac","Fertilizer application",NA,NA,"NH4N",NA,NA,NA,NA,NA
"5/14/1996","T3","28% UAN (28-0-0)",96,27,0,0,1996-05-14,1996,86,"lb/ac","Fertilizer application",NA,NA,"UreaNO3",NA,NA,NA,NA,NA
"5/14/1996","T3","N",28,28,NA,NA,1996-05-14,1996,25,"lb/ac","Fertilizer application",NA,NA,"NH4N",NA,NA,NA,NA,NA
"5/17/1996","T2","28% UAN (28-0-0)",11,3,0,0,1996-05-17,1996,10,"lb/ac","Fertilizer application",NA,NA,"UreaNO3",NA,NA,NA,NA,NA
"6/13/1996","T6","0-0-60 potash fertilizer",281,0,0,84,1996-06-13,1996,251,"lb/ac","Fertilizer application",NA,NA,NA,NA,NA,NA,NA,NA
"6/13/1996","T6","boron (B)",2,0,0,0,1996-06-13,1996,2,"lb/ac","Fertilizer application",NA,NA,NA,NA,NA,NA,NA,NA
"6/14/1996","T6","pelleted lime",2246,0,0,0,1996-06-14,1996,2004,"lb/ac","Fertilizer application",NA,NA,"CalciteCA",NA,NA,NA,NA,NA
"6/27/1996","T1","ammonium nitrate (34-0-0)",393,134,0,0,1996-06-27,1996,351,"lb/ac","Fertilizer application",NA,NA,"NH4NO3N",NA,NA,NA,NA,NA
"6/28/1996","T2","ammonium nitrate (34-0-0)",396,135,0,0,1996-06-28,1996,353,"lb/ac","Fertilizer application",NA,NA,"NH4NO3N",NA,NA,NA,NA,NA
"4/9/1997","T1","lime",393,0,0,0,1997-04-09,1997,351,"lb/ac","Fertilizer application",NA,NA,"CalciteCA",NA,NA,NA,NA,NA
"4/10/1997","T1","0-0-60 potash fertilizer",187,0,0,56,1997-04-10,1997,167,"lb/ac","Fertilizer application",NA,NA,NA,NA,NA,NA,NA,NA
"4/10/1997","T1","P205",102,0,45,0,1997-04-10,1997,91,"lb/ac","Fertilizer application",NA,NA,NA,NA,NA,NA,NA,NA
"4/10/1997","T2","0-0-60 potash fertilizer",187,0,0,56,1997-04-10,1997,167,"lb/ac","Fertilizer application",NA,NA,NA,NA,NA,NA,NA,NA
"4/10/1997","T2","P205",102,0,45,0,1997-04-10,1997,91,"lb/ac","Fertilizer application",NA,NA,NA,NA,NA,NA,NA,NA
"4/10/1997","T3","0-0-60 potash fertilizer",189,0,0,56,1997-04-10,1997,169,"lb/ac","Fertilizer application",NA,NA,NA,NA,NA,NA,NA,NA
"4/10/1997","T3","P205",45,0,20,0,1997-04-10,1997,40,"lb/ac","Fertilizer application",NA,NA,NA,NA,NA,NA,NA,NA
"6/12/1997","T6","0-0-60 potash fertilizer",337,0,0,100,1997-06-12,1997,301,"lb/ac","Fertilizer application",NA,NA,NA,NA,NA,NA,NA,NA
"6/12/1997","T6","boron (B)",2,0,0,0,1997-06-12,1997,2,"lb/ac","Fertilizer application",NA,NA,NA,NA,NA,NA,NA,NA
"6/12/1997","T6","pelleted lime",393,0,0,0,1997-06-12,1997,351,"lb/ac","Fertilizer application",NA,NA,"CalciteCA",NA,NA,NA,NA,NA
"6/13/1997","T6","0-0-60 potash fertilizer",337,0,0,100,1997-06-13,1997,301,"lb/ac","Fertilizer application",NA,NA,NA,NA,NA,NA,NA,NA
"6/13/1997","T6","boron (B)",2,0,0,0,1997-06-13,1997,2,"lb/ac","Fertilizer application",NA,NA,NA,NA,NA,NA,NA,NA
"6/13/1997","T6","pelleted lime",393,0,0,0,1997-06-13,1997,351,"lb/ac","Fertilizer application",NA,NA,"CalciteCA",NA,NA,NA,NA,NA
"6/18/1997","T3","28% UAN (28-0-0)",6,2,0,0,1997-06-18,1997,5,"lb/ac","Fertilizer application",NA,NA,"UreaNO3",NA,NA,NA,NA,NA
"4/20/1998","T1","ammonium nitrate (34-0-0)",165,56,0,0,1998-04-20,1998,147,"lb/ac","Fertilizer application",NA,NA,"NH4NO3N",NA,NA,NA,NA,NA
"4/20/1998","T2","ammonium nitrate (34-0-0)",165,56,0,0,1998-04-20,1998,147,"lb/ac","Fertilizer application",NA,NA,"NH4NO3N",NA,NA,NA,NA,NA
"4/20/1998","T3","ammonium nitrate (34-0-0)",83,28,0,0,1998-04-20,1998,74,"lb/ac","Fertilizer application",NA,NA,"NH4NO3N",NA,NA,NA,NA,NA
"6/2/1998","T6","0-0-60 potash fertilizer",230,0,0,68,1998-06-02,1998,205,"lb/ac","Fertilizer application",NA,NA,NA,NA,NA,NA,NA,NA
"6/2/1998","T6","lime",4491,0,0,0,1998-06-02,1998,4007,"lb/ac","Fertilizer application",NA,NA,"CalciteCA",NA,NA,NA,NA,NA
"4/20/1999","T1","lime",1123,0,0,0,1999-04-20,1999,1002,"lb/ac","Fertilizer application",NA,NA,"CalciteCA",NA,NA,NA,NA,NA
"4/20/1999","T2","lime",1796,0,0,0,1999-04-20,1999,1602,"lb/ac","Fertilizer application",NA,NA,"CalciteCA",NA,NA,NA,NA,NA
"4/20/1999","T3","lime",1123,0,0,0,1999-04-20,1999,1002,"lb/ac","Fertilizer application",NA,NA,"CalciteCA",NA,NA,NA,NA,NA
"4/20/1999","T6","dolomitic agricultural lime",2919,0,0,0,1999-04-20,1999,2604,"lb/ac","Fertilizer application",NA,NA,"CalciteCA",NA,NA,NA,NA,NA
"5/13/1999","T3","28% UAN (28-0-0)",96,27,0,0,1999-05-13,1999,86,"lb/ac","Fertilizer application",NA,NA,"UreaNO3",NA,NA,NA,NA,NA
"5/13/1999","T4","28% UAN (28-0-0)",347,97,0,0,1999-05-13,1999,310,"lb/ac","Fertilizer application",NA,NA,"UreaNO3",NA,NA,NA,NA,NA
"5/14/1999","T2","28% UAN (28-0-0)",96,27,0,0,1999-05-14,1999,86,"lb/ac","Fertilizer application",NA,NA,"UreaNO3",NA,NA,NA,NA,NA
"5/14/1999","T3","28% UAN (28-0-0)",96,27,0,0,1999-05-14,1999,86,"lb/ac","Fertilizer application",NA,NA,"UreaNO3",NA,NA,NA,NA,NA
"5/19/1999","T1","28% UAN (28-0-0)",96,27,0,0,1999-05-19,1999,86,"lb/ac","Fertilizer application",NA,NA,"UreaNO3",NA,NA,NA,NA,NA
"6/29/1999","T2","ammonium nitrate (34-0-0)",258,88,0,0,1999-06-29,1999,230,"lb/ac","Fertilizer application",NA,NA,"NH4NO3N",NA,NA,NA,NA,NA
"6/30/1999","T1","ammonium nitrate (34-0-0)",165,56,0,NA,1999-06-30,1999,147,"lb/ac","Fertilizer application",NA,NA,"NH4NO3N",NA,NA,NA,NA,NA
"5/26/2000","T2","Ammonium sulfate (AMS)",4,1,NA,NA,2000-05-26,2000,4,"lb/ac","Fertilizer application",NA,NA,"NH4N",NA,NA,NA,NA,NA
"10/20/2000","T1","lime",2470,0,0,0,2000-10-20,2000,2204,"lb/ac","Fertilizer application",NA,NA,"CalciteCA",NA,NA,NA,NA,NA
"10/20/2000","T2","lime",2470,0,0,0,2000-10-20,2000,2204,"lb/ac","Fertilizer application",NA,NA,"CalciteCA",NA,NA,NA,NA,NA
"10/20/2000","T3","lime",2470,0,0,0,2000-10-20,2000,2204,"lb/ac","Fertilizer application",NA,NA,"CalciteCA",NA,NA,NA,NA,NA
"10/20/2000","T4","lime",2470,0,0,0,2000-10-20,2000,2204,"lb/ac","Fertilizer application",NA,NA,"CalciteCA",NA,NA,NA,NA,NA
"10/20/2000","T6","lime",2470,0,0,0,2000-10-20,2000,2204,"lb/ac","Fertilizer application",NA,NA,"CalciteCA",NA,NA,NA,NA,NA
"4/5/2001","T1","28% UAN (28-0-0)",144,40,0,0,2001-04-05,2001,128,"lb/ac","Fertilizer application",NA,NA,"UreaNO3",NA,NA,NA,NA,NA
"4/5/2001","T2","28% UAN (28-0-0)",144,40,0,0,2001-04-05,2001,128,"lb/ac","Fertilizer application",NA,NA,"UreaNO3",NA,NA,NA,NA,NA
"4/5/2001","T3","28% UAN (28-0-0)",168,47,0,0,2001-04-05,2001,150,"lb/ac","Fertilizer application",NA,NA,"UreaNO3",NA,NA,NA,NA,NA
"4/18/2001","T1","28% UAN (28-0-0)",144,40,0,0,2001-04-18,2001,128,"lb/ac","Fertilizer application",NA,NA,"UreaNO3",NA,NA,NA,NA,NA
"4/18/2001","T8","28% UAN (28-0-0)",287,80,0,0,2001-04-18,2001,256,"lb/ac","Fertilizer application",NA,NA,"UreaNO3",NA,NA,NA,NA,NA
"4/19/2001","T2","28% UAN (28-0-0)",144,40,0,0,2001-04-19,2001,128,"lb/ac","Fertilizer application",NA,NA,"UreaNO3",NA,NA,NA,NA,NA
"8/24/2001","T1","Ammonium sulfate (AMS)",19,3,NA,NA,2001-08-24,2001,17,"lb/ac","Fertilizer application",NA,NA,"NH4N",NA,NA,NA,NA,NA
"8/24/2001","T2","Ammonium sulfate (AMS)",19,3,NA,NA,2001-08-24,2001,17,"lb/ac","Fertilizer application",NA,NA,"NH4N",NA,NA,NA,NA,NA
"8/29/2001","T6","Ammonium sulfate (AMS)",3,0,NA,NA,2001-08-29,2001,3,"lb/ac","Fertilizer application",NA,NA,"NH4N",NA,NA,NA,NA,NA
"8/29/2001","T8","Ammonium sulfate (AMS)",3,0,NA,NA,2001-08-29,2001,3,"lb/ac","Fertilizer application",NA,NA,"NH4N",NA,NA,NA,NA,NA
"4/20/2002","T1","0-0-60 potash fertilizer",140,0,0,42,2002-04-20,2002,125,"lb/ac","Fertilizer application",NA,NA,NA,NA,NA,NA,NA,NA
"4/20/2002","T2","0-0-60 potash fertilizer",140,0,0,42,2002-04-20,2002,125,"lb/ac","Fertilizer application",NA,NA,NA,NA,NA,NA,NA,NA
"4/20/2002","T3","0-0-60 potash fertilizer",140,0,0,42,2002-04-20,2002,125,"lb/ac","Fertilizer application",NA,NA,NA,NA,NA,NA,NA,NA
"4/26/2002","T2","Ammonium sulfate (AMS)",4,1,NA,NA,2002-04-26,2002,4,"lb/ac","Fertilizer application",NA,NA,"NH4N",NA,NA,NA,NA,NA
"5/10/2002","T1","19-17-0 liquid fertilizer",148,28,11,0,2002-05-10,2002,132,"lb/ac","Fertilizer application",NA,NA,"DAP",NA,NA,NA,NA,NA
"5/10/2002","T2","19-17-0 liquid fertilizer",148,28,11,0,2002-05-10,2002,132,"lb/ac","Fertilizer application",NA,NA,"DAP",NA,NA,NA,NA,NA
"5/15/2002","T3","19-17-0 liquid fertilizer",148,28,11,0,2002-05-15,2002,132,"lb/ac","Fertilizer application",NA,NA,"DAP",NA,NA,NA,NA,NA
"5/15/2002","T4","19-17-0 liquid fertilizer",148,28,11,0,2002-05-15,2002,132,"lb/ac","Fertilizer application",NA,NA,"DAP",NA,NA,NA,NA,NA
"7/1/2002","T1","28% UAN (28-0-0)",479,134,0,0,2002-07-01,2002,427,"lb/ac","Fertilizer application",NA,NA,"UreaNO3",NA,NA,NA,NA,NA
"7/1/2002","T2","28% UAN (28-0-0)",479,134,0,0,2002-07-01,2002,427,"lb/ac","Fertilizer application",NA,NA,"UreaNO3",NA,NA,NA,NA,NA
"4/26/2003","T1","0-0-60 potash fertilizer",112,0,0,33,2003-04-26,2003,100,"lb/ac","Fertilizer application",NA,NA,NA,NA,NA,NA,NA,NA
"4/26/2003","T1","11-52-0 monoammonium phosphate fertilizer",63,7,14,0,2003-04-26,2003,56,"lb/ac","Fertilizer application",NA,NA,"MAP",NA,NA,NA,NA,NA
"4/26/2003","T2","0-0-60 potash fertilizer",112,0,0,33,2003-04-26,2003,100,"lb/ac","Fertilizer application",NA,NA,NA,NA,NA,NA,NA,NA
"4/26/2003","T2","11-52-0 monoammonium phosphate fertilizer",63,7,14,0,2003-04-26,2003,56,"lb/ac","Fertilizer application",NA,NA,"MAP",NA,NA,NA,NA,NA
"9/10/2003","T6","0-0-60 potash fertilizer",472,0,0,141,2003-09-10,2003,421,"lb/ac","Fertilizer application",NA,NA,NA,NA,NA,NA,NA,NA
"9/10/2003","T6","boron (B)",4,0,0,0,2003-09-10,2003,4,"lb/ac","Fertilizer application",NA,NA,NA,NA,NA,NA,NA,NA
"9/10/2003","T6","triple superphosphate (0-46-0)",191,0,39,0,2003-09-10,2003,170,"lb/ac","Fertilizer application",NA,NA,NA,NA,NA,NA,NA,NA
"10/8/2003","T1","19-19-19",187,36,16,31,2003-10-08,2003,167,"lb/ac","Fertilizer application",NA,NA,"DAP",NA,NA,NA,NA,NA
"10/8/2003","T2","19-19-19",187,36,16,31,2003-10-08,2003,167,"lb/ac","Fertilizer application",NA,NA,"DAP",NA,NA,NA,NA,NA
"4/16/2004","T1","28% UAN (28-0-0)",192,54,0,0,2004-04-16,2004,171,"lb/ac","Fertilizer application",NA,NA,"UreaNO3",NA,NA,NA,NA,NA
"4/16/2004","T2","28% UAN (28-0-0)",192,54,0,0,2004-04-16,2004,171,"lb/ac","Fertilizer application",NA,NA,"UreaNO3",NA,NA,NA,NA,NA
"4/16/2004","T3","28% UAN (28-0-0)",192,54,0,0,2004-04-16,2004,171,"lb/ac","Fertilizer application",NA,NA,"UreaNO3",NA,NA,NA,NA,NA
"4/16/2004","T8","28% UAN (28-0-0)",204,57,0,0,2004-04-16,2004,182,"lb/ac","Fertilizer application",NA,NA,"UreaNO3",NA,NA,NA,NA,NA
"9/30/2004",NA,"Ammonium sulfate (AMS)",NA,NA,NA,NA,2004-09-30,2004,NA,"lb/ac","Fertilizer application",NA,NA,"NH4N",NA,NA,NA,NA,NA
"4/16/2005","T1","0-0-60 potash fertilizer",56,0,0,17,2005-04-16,2005,50,"lb/ac","Fertilizer application",NA,NA,NA,NA,NA,NA,NA,NA
"4/16/2005","T2","0-0-60 potash fertilizer",56,0,0,17,2005-04-16,2005,50,"lb/ac","Fertilizer application",NA,NA,NA,NA,NA,NA,NA,NA
"4/19/2005","T3","0-0-60 potash fertilizer",56,0,0,17,2005-04-19,2005,50,"lb/ac","Fertilizer application",NA,NA,NA,NA,NA,NA,NA,NA
"5/4/2005","T1","19-17-0 liquid fertilizer",173,33,13,0,2005-05-04,2005,154,"lb/ac","Fertilizer application",NA,NA,"DAP",NA,NA,NA,NA,NA
"5/7/2005","T3","19-17-0 liquid fertilizer",173,33,13,0,2005-05-07,2005,154,"lb/ac","Fertilizer application",NA,NA,"DAP",NA,NA,NA,NA,NA
"5/9/2005","T3","19-17-0 liquid fertilizer",173,33,13,0,2005-05-09,2005,154,"lb/ac","Fertilizer application",NA,NA,"DAP",NA,NA,NA,NA,NA
"5/12/2005","T2","19-17-0 liquid fertilizer",173,33,13,0,2005-05-12,2005,154,"lb/ac","Fertilizer application",NA,NA,"DAP",NA,NA,NA,NA,NA
"6/20/2005","T1","28% UAN (28-0-0)",443,124,0,0,2005-06-20,2005,395,"lb/ac","Fertilizer application",NA,NA,"UreaNO3",NA,NA,NA,NA,NA
"6/21/2005","T2","28% UAN (28-0-0)",443,124,0,0,2005-06-21,2005,395,"lb/ac","Fertilizer application",NA,NA,"UreaNO3",NA,NA,NA,NA,NA
"8/31/2005","T6","0-0-62 potash fertilizer",448,0,0,245,2005-08-31,2005,400,"lb/ac","Fertilizer application",NA,NA,NA,NA,NA,NA,NA,NA
"8/31/2005","T6","boron (B)",4,0,0,0,2005-08-31,2005,4,"lb/ac","Fertilizer application",NA,NA,NA,NA,NA,NA,NA,NA
"8/31/2005","T6","triple superphosphate (0-46-0)",294,0,60,0,2005-08-31,2005,262,"lb/ac","Fertilizer application",NA,NA,NA,NA,NA,NA,NA,NA
"4/19/2006","T1","0-0-62 potash fertilizer",83,0,0,45,2006-04-19,2006,74,"lb/ac","Fertilizer application",NA,NA,NA,NA,NA,NA,NA,NA
"4/19/2006","T2","0-0-62 potash fertilizer",NA,NA,NA,NA,2006-04-19,2006,NA,"lb/ac","Fertilizer application",NA,NA,NA,NA,NA,NA,NA,NA
"4/19/2006","T3","0-0-62 potash fertilizer",NA,NA,NA,NA,2006-04-19,2006,NA,"lb/ac","Fertilizer application",NA,NA,NA,NA,NA,NA,NA,NA
"4/19/2006","T8","0-0-62 potash fertilizer",NA,NA,NA,NA,2006-04-19,2006,NA,"lb/ac","Fertilizer application",NA,NA,NA,NA,NA,NA,NA,NA
"5/24/2006","T2","Ammonium sulfate (AMS)",4,1,NA,NA,2006-05-24,2006,4,"lb/ac","Fertilizer application",NA,NA,"NH4N",NA,NA,NA,NA,NA
"7/7/2006","T3","Ammonium sulfate (AMS)",NA,NA,NA,NA,2006-07-07,2006,NA,"lb/ac","Fertilizer application",NA,NA,"NH4N",NA,NA,NA,NA,NA
"9/25/2006",NA,"22-5-10",337,74,17,34,2006-09-25,2006,301,"lb/ac","Fertilizer application",NA,NA,NA,NA,NA,NA,NA,NA
"3/30/2007","T1","19-19-19",168,32,14,28,2007-03-30,2007,150,"lb/ac","Fertilizer application",NA,NA,"DAP",NA,NA,NA,NA,NA
"3/30/2007","T2","19-19-19",168,32,14,28,2007-03-30,2007,150,"lb/ac","Fertilizer application",NA,NA,"DAP",NA,NA,NA,NA,NA
"3/30/2007","T8","19-19-19",168,32,14,28,2007-03-30,2007,150,"lb/ac","Fertilizer application",NA,NA,"DAP",NA,NA,NA,NA,NA
"4/2/2007",NA,"19-19-19",168,32,14,28,2007-04-02,2007,150,"lb/ac","Fertilizer application",NA,NA,"DAP",NA,NA,NA,NA,NA
"4/24/2007","T1","28% UAN (28-0-0)",192,54,0,0,2007-04-24,2007,171,"lb/ac","Fertilizer application",NA,NA,"UreaNO3",NA,NA,NA,NA,NA
"4/24/2007","T2","28% UAN (28-0-0)",192,54,0,0,2007-04-24,2007,171,"lb/ac","Fertilizer application",NA,NA,"UreaNO3",NA,NA,NA,NA,NA
"4/24/2007","T8","28% UAN (28-0-0)",192,54,0,0,2007-04-24,2007,171,"lb/ac","Fertilizer application",NA,NA,"UreaNO3",NA,NA,NA,NA,NA
"4/30/2007","T3","28% UAN (28-0-0)",192,54,0,0,2007-04-30,2007,171,"lb/ac","Fertilizer application",NA,NA,"UreaNO3",NA,NA,NA,NA,NA
"4/30/2007",NA,"28% UAN (28-0-0)",192,54,0,0,2007-04-30,2007,171,"lb/ac","Fertilizer application",NA,NA,"UreaNO3",NA,NA,NA,NA,NA
"9/22/2007","T1","Ammonium sulfate (AMS)",4,1,NA,NA,2007-09-22,2007,4,"lb/ac","Fertilizer application",NA,NA,"NH4N",NA,NA,NA,NA,NA
"9/24/2007","T2","Ammonium sulfate (AMS)",NA,NA,NA,NA,2007-09-24,2007,NA,"lb/ac","Fertilizer application",NA,NA,"NH4N",NA,NA,NA,NA,NA
"9/29/2007","T6","Ammonium sulfate (AMS)",NA,NA,NA,NA,2007-09-29,2007,NA,"lb/ac","Fertilizer application",NA,NA,"NH4N",NA,NA,NA,NA,NA
"9/29/2007","T8","Ammonium sulfate (AMS)",NA,NA,NA,NA,2007-09-29,2007,NA,"lb/ac","Fertilizer application",NA,NA,"NH4N",NA,NA,NA,NA,NA
"5/1/2008","T1","0-0-62 potash fertilizer",83,0,0,45,2008-05-01,2008,74,"lb/ac","Fertilizer application",NA,NA,NA,NA,NA,NA,NA,NA
"5/1/2008","T2","0-0-62 potash fertilizer",83,0,0,45,2008-05-01,2008,74,"lb/ac","Fertilizer application",NA,NA,NA,NA,NA,NA,NA,NA
"5/1/2008","T3","0-0-62 potash fertilizer",83,0,0,45,2008-05-01,2008,74,"lb/ac","Fertilizer application",NA,NA,NA,NA,NA,NA,NA,NA
"5/9/2008","T1","19-17-0 liquid fertilizer",173,33,13,0,2008-05-09,2008,154,"lb/ac","Fertilizer application",NA,NA,"DAP",NA,NA,NA,NA,NA
"5/9/2008","T8","Ammonium sulfate (AMS)",4,1,NA,NA,2008-05-09,2008,4,"lb/ac","Fertilizer application",NA,NA,"NH4N",NA,NA,NA,NA,NA
"5/12/2008","T8","0-0-60 potash fertilizer",NA,NA,NA,NA,2008-05-12,2008,NA,"lb/ac","Fertilizer application",NA,NA,NA,NA,NA,NA,NA,NA
"5/13/2008","T2","19-17-0 liquid fertilizer",173,33,13,0,2008-05-13,2008,154,"lb/ac","Fertilizer application",NA,NA,"DAP",NA,NA,NA,NA,NA
"5/13/2008","T8","19-17-0 liquid fertilizer",173,33,13,0,2008-05-13,2008,154,"lb/ac","Fertilizer application",NA,NA,"DAP",NA,NA,NA,NA,NA
"5/14/2008",NA,"0-0-62 potash fertilizer",83,0,0,45,2008-05-14,2008,74,"lb/ac","Fertilizer application",NA,NA,NA,NA,NA,NA,NA,NA
"5/16/2008","T3","19-17-0 liquid fertilizer",173,33,13,0,2008-05-16,2008,154,"lb/ac","Fertilizer application",NA,NA,"DAP",NA,NA,NA,NA,NA
"5/23/2008","T4","19-17-0 liquid fertilizer",173,33,13,0,2008-05-23,2008,154,"lb/ac","Fertilizer application",NA,NA,"DAP",NA,NA,NA,NA,NA
"5/23/2008",NA,"19-17-0 liquid fertilizer",173,33,13,0,2008-05-23,2008,154,"lb/ac","Fertilizer application",NA,NA,"DAP",NA,NA,NA,NA,NA
"6/11/2008","T5","Ammonium sulfate (AMS)",4,1,NA,NA,2008-06-11,2008,4,"lb/ac","Fertilizer application",NA,NA,"NH4N",NA,NA,NA,NA,NA
"6/19/2008","T1","28% UAN (28-0-0)",407,114,0,0,2008-06-19,2008,363,"lb/ac","Fertilizer application",NA,NA,"UreaNO3",NA,NA,NA,NA,NA
"6/19/2008","T2","28% UAN (28-0-0)",407,114,0,0,2008-06-19,2008,363,"lb/ac","Fertilizer application",NA,NA,"UreaNO3",NA,NA,NA,NA,NA
"6/20/2008","T8","28% UAN (28-0-0)",407,114,0,0,2008-06-20,2008,363,"lb/ac","Fertilizer application",NA,NA,"UreaNO3",NA,NA,NA,NA,NA
"6/20/2008",NA,"19-17-0 liquid fertilizer",173,33,13,0,2008-06-20,2008,154,"lb/ac","Fertilizer application",NA,NA,"DAP",NA,NA,NA,NA,NA
"6/20/2008",NA,"28% UAN (28-0-0)",407,114,0,0,2008-06-20,2008,363,"lb/ac","Fertilizer application",NA,NA,"UreaNO3",NA,NA,NA,NA,NA
"8/12/2008","T6","Ammonium sulfate (AMS)",4,1,NA,NA,2008-08-12,2008,4,"lb/ac","Fertilizer application",NA,NA,"NH4N",NA,NA,NA,NA,NA
"11/1/2008","T6","Ammonium sulfate (AMS)",NA,NA,NA,NA,2008-11-01,2008,NA,"lb/ac","Fertilizer application",NA,NA,"NH4N",NA,NA,NA,NA,NA
"5/14/2009","T1","0-0-60 potash fertilizer",135,0,0,40,2009-05-14,2009,120,"lb/ac","Fertilizer application",NA,NA,NA,NA,NA,NA,NA,NA
"5/15/2009","T1","0-0-60 potash fertilizer",135,0,0,40,2009-05-15,2009,120,"lb/ac","Fertilizer application",NA,NA,NA,NA,NA,NA,NA,NA
"5/15/2009","T2","0-0-60 potash fertilizer",135,0,0,40,2009-05-15,2009,120,"lb/ac","Fertilizer application",NA,NA,NA,NA,NA,NA,NA,NA
"5/15/2009","T3","0-0-60 potash fertilizer",135,0,0,40,2009-05-15,2009,120,"lb/ac","Fertilizer application",NA,NA,NA,NA,NA,NA,NA,NA
"6/22/2009","T6","Ammonium sulfate (AMS)",4,1,NA,NA,2009-06-22,2009,4,"lb/ac","Fertilizer application",NA,NA,"NH4N",NA,NA,NA,NA,NA
"6/23/2009","T2","Ammonium sulfate (AMS)",4,1,NA,NA,2009-06-23,2009,4,"lb/ac","Fertilizer application",NA,NA,"NH4N",NA,NA,NA,NA,NA
"6/23/2009","T3","Ammonium sulfate (AMS)",4,1,NA,NA,2009-06-23,2009,4,"lb/ac","Fertilizer application",NA,NA,"NH4N",NA,NA,NA,NA,NA
"6/24/2009","T1","Ammonium sulfate (AMS)",4,1,NA,NA,2009-06-24,2009,4,"lb/ac","Fertilizer application",NA,NA,"NH4N",NA,NA,NA,NA,NA
"4/20/2010","T1","Ammonium sulfate (AMS)",3,1,NA,NA,2010-04-20,2010,3,"lb/ac","Fertilizer application",NA,NA,"NH4N",NA,NA,NA,NA,NA
"4/20/2010","T2","28% UAN (28-0-0)",180,50,0,0,2010-04-20,2010,161,"lb/ac","Fertilizer application",NA,NA,"UreaNO3",NA,NA,NA,NA,NA
"4/21/2010","T1","28% UAN (28-0-0)",180,50,0,0,2010-04-21,2010,161,"lb/ac","Fertilizer application",NA,NA,"UreaNO3",NA,NA,NA,NA,NA
"4/21/2010","T3","28% UAN (28-0-0)",180,50,0,0,2010-04-21,2010,161,"lb/ac","Fertilizer application",NA,NA,"UreaNO3",NA,NA,NA,NA,NA
"4/29/2010","T1","28% UAN (28-0-0)",132,37,0,0,2010-04-29,2010,118,"lb/ac","Fertilizer application",NA,NA,"UreaNO3",NA,NA,NA,NA,NA
"4/29/2010","T2","28% UAN (28-0-0)",132,37,0,0,2010-04-29,2010,118,"lb/ac","Fertilizer application",NA,NA,"UreaNO3",NA,NA,NA,NA,NA
"5/3/2010","T3","28% UAN (28-0-0)",311,87,0,0,2010-05-03,2010,277,"lb/ac","Fertilizer application",NA,NA,"UreaNO3",NA,NA,NA,NA,NA
"5/3/2010","T4","28% UAN (28-0-0)",311,87,0,0,2010-05-03,2010,277,"lb/ac","Fertilizer application",NA,NA,"UreaNO3",NA,NA,NA,NA,NA
"5/6/2010","T8","Ammonium sulfate (AMS)",4,1,NA,NA,2010-05-06,2010,4,"lb/ac","Fertilizer application",NA,NA,"NH4N",NA,NA,NA,NA,NA
"6/17/2010","T8","Ammonium sulfate (AMS)",4,1,NA,NA,2010-06-17,2010,4,"lb/ac","Fertilizer application",NA,NA,"NH4N",NA,NA,NA,NA,NA
"6/29/2010","T8","28% UAN (28-0-0)",521,146,0,0,2010-06-29,2010,465,"lb/ac","Fertilizer application",NA,NA,"UreaNO3",NA,NA,NA,NA,NA
"8/16/2010","T2","Ammonium sulfate (AMS)",4,1,NA,NA,2010-08-16,2010,4,"lb/ac","Fertilizer application",NA,NA,"NH4N",NA,NA,NA,NA,NA
"8/17/2010","T1","Ammonium sulfate (AMS)",4,1,NA,NA,2010-08-17,2010,4,"lb/ac","Fertilizer application",NA,NA,"NH4N",NA,NA,NA,NA,NA
"8/17/2010","T2","Ammonium sulfate (AMS)",4,1,NA,NA,2010-08-17,2010,4,"lb/ac","Fertilizer application",NA,NA,"NH4N",NA,NA,NA,NA,NA
"3/30/2011","T1","0-0-60 potash fertilizer",73,0,0,22,2011-03-30,2011,65,"lb/ac","Fertilizer application",NA,NA,NA,NA,NA,NA,NA,NA
"3/30/2011","T2","0-0-60 potash fertilizer",79,0,0,23,2011-03-30,2011,70,"lb/ac","Fertilizer application",NA,NA,NA,NA,NA,NA,NA,NA
"3/30/2011","T3","0-0-60 potash fertilizer",73,0,0,22,2011-03-30,2011,65,"lb/ac","Fertilizer application",NA,NA,NA,NA,NA,NA,NA,NA
"3/30/2011","T6","0-0-60 potash fertilizer",258,0,0,77,2011-03-30,2011,230,"lb/ac","Fertilizer application",NA,NA,NA,NA,NA,NA,NA,NA
"4/5/2011","T6","0-0-60 potash fertilizer",258,0,0,77,2011-04-05,2011,230,"lb/ac","Fertilizer application",NA,NA,NA,NA,NA,NA,NA,NA
"4/5/2011","T6","boron (B)",3,0,0,0,2011-04-05,2011,3,"lb/ac","Fertilizer application",NA,NA,NA,NA,NA,NA,NA,NA
"4/14/2011","T6","0-46-0 phosphate fertilizer",225,20,52,0,2011-04-14,2011,201,"lb/ac","Fertilizer application",NA,NA,NA,NA,NA,NA,NA,NA
"5/2/2011","T2","Ammonium sulfate (AMS)",4,1,NA,NA,2011-05-02,2011,4,"lb/ac","Fertilizer application",NA,NA,"NH4N",NA,NA,NA,NA,NA
"5/6/2011","T2","19-17-0 liquid fertilizer",173,33,13,0,2011-05-06,2011,154,"lb/ac","Fertilizer application",NA,NA,"DAP",NA,NA,NA,NA,NA
"5/9/2011","T1","19-17-0 liquid fertilizer",173,33,13,0,2011-05-09,2011,154,"lb/ac","Fertilizer application",NA,NA,"DAP",NA,NA,NA,NA,NA
"5/12/2011","T8","Ammonium sulfate (AMS)",4,1,NA,NA,2011-05-12,2011,4,"lb/ac","Fertilizer application",NA,NA,"NH4N",NA,NA,NA,NA,NA
"5/24/2011","T3","19-17-0 liquid fertilizer",173,33,13,0,2011-05-24,2011,154,"lb/ac","Fertilizer application",NA,NA,"DAP",NA,NA,NA,NA,NA
"6/7/2011","T5","ammonium nitrate (27-0-0) CAN-27 by YaraBela Co.",610,165,0,0,2011-06-07,2011,544,"lb/ac","Fertilizer application",NA,NA,"NH4NO3N",NA,NA,NA,NA,NA
"6/8/2011","T5","ammonium nitrate (27-0-0) CAN-27 by YaraBela Co.",610,165,0,0,2011-06-08,2011,544,"lb/ac","Fertilizer application",NA,NA,"NH4NO3N",NA,NA,NA,NA,NA
"6/15/2011","T1","28% UAN (28-0-0)",443,124,0,0,2011-06-15,2011,395,"lb/ac","Fertilizer application",NA,NA,"UreaNO3",NA,NA,NA,NA,NA
"6/15/2011","T2","28% UAN (28-0-0)",443,124,0,0,2011-06-15,2011,395,"lb/ac","Fertilizer application",NA,NA,"UreaNO3",NA,NA,NA,NA,NA
"6/17/2011","T3","Ammonium sulfate (AMS)",4,1,NA,NA,2011-06-17,2011,4,"lb/ac","Fertilizer application",NA,NA,"NH4N",NA,NA,NA,NA,NA
"6/20/2011","T8","Ammonium sulfate (AMS)",4,1,NA,NA,2011-06-20,2011,4,"lb/ac","Fertilizer application",NA,NA,"NH4N",NA,NA,NA,NA,NA
"6/22/2011","T5","ammonium nitrate (27-0-0) CAN-27 by YaraBela Co.",610,165,0,0,2011-06-22,2011,544,"lb/ac","Fertilizer application",NA,NA,"NH4NO3N",NA,NA,NA,NA,NA
"6/27/2011","T8","28% UAN (28-0-0)",419,117,0,0,2011-06-27,2011,374,"lb/ac","Fertilizer application",NA,NA,"UreaNO3",NA,NA,NA,NA,NA
"6/28/2011","T5","ammonium nitrate (27-0-0) CAN-27 by YaraBela Co.",610,165,0,0,2011-06-28,2011,544,"lb/ac","Fertilizer application",NA,NA,"NH4NO3N",NA,NA,NA,NA,NA
"7/5/2011","T3","28% UAN (28-0-0)",443,124,0,0,2011-07-05,2011,395,"lb/ac","Fertilizer application",NA,NA,"UreaNO3",NA,NA,NA,NA,NA
"7/5/2011","T4","28% UAN (28-0-0)",443,124,0,0,2011-07-05,2011,395,"lb/ac","Fertilizer application",NA,NA,"UreaNO3",NA,NA,NA,NA,NA
"7/7/2011","T3","Ammonium sulfate (AMS)",4,1,NA,NA,2011-07-07,2011,4,"lb/ac","Fertilizer application",NA,NA,"NH4N",NA,NA,NA,NA,NA
"7/29/2011","T5","ammonium nitrate (27-0-0) CAN-27 by YaraBela Co.",0,0,0,0,2011-07-29,2011,0,"lb/ac","Fertilizer application",NA,NA,"NH4NO3N",NA,NA,NA,NA,NA
"4/11/2012","T1","lime",0,0,0,0,2012-04-11,2012,0,"lb/ac","Fertilizer application",NA,NA,"CalciteCA",NA,NA,NA,NA,NA
"4/11/2012","T2","lime",0,0,0,0,2012-04-11,2012,0,"lb/ac","Fertilizer application",NA,NA,"CalciteCA",NA,NA,NA,NA,NA
"4/11/2012","T3","lime",0,0,0,0,2012-04-11,2012,0,"lb/ac","Fertilizer application",NA,NA,"CalciteCA",NA,NA,NA,NA,NA
"4/11/2012","T4","lime",0,0,0,0,2012-04-11,2012,0,"lb/ac","Fertilizer application",NA,NA,"CalciteCA",NA,NA,NA,NA,NA
"4/11/2012","T6","lime",0,0,0,0,2012-04-11,2012,0,"lb/ac","Fertilizer application",NA,NA,"CalciteCA",NA,NA,NA,NA,NA
"4/13/2012","T2","0-0-60 potash fertilizer",103,0,0,31,2012-04-13,2012,92,"lb/ac","Fertilizer application",NA,NA,NA,NA,NA,NA,NA,NA
"4/17/2012","T1","0-0-60 potash fertilizer",103,0,0,31,2012-04-17,2012,92,"lb/ac","Fertilizer application",NA,NA,NA,NA,NA,NA,NA,NA
"4/17/2012","T3","0-0-60 potash fertilizer",103,0,0,31,2012-04-17,2012,92,"lb/ac","Fertilizer application",NA,NA,NA,NA,NA,NA,NA,NA
"4/19/2012","T1","11-52-0 monoammonium phosphate fertilizer",76,8,17,0,2012-04-19,2012,68,"lb/ac","Fertilizer application",NA,NA,"MAP",NA,NA,NA,NA,NA
"4/23/2012","T2","11-52-0 monoammonium phosphate fertilizer",76,8,17,0,2012-04-23,2012,68,"lb/ac","Fertilizer application",NA,NA,"MAP",NA,NA,NA,NA,NA
"4/23/2012","T3","11-52-0 monoammonium phosphate fertilizer",76,8,17,0,2012-04-23,2012,68,"lb/ac","Fertilizer application",NA,NA,"MAP",NA,NA,NA,NA,NA
"4/24/2012","T3","11-52-0 monoammonium phosphate fertilizer",76,8,17,0,2012-04-24,2012,68,"lb/ac","Fertilizer application",NA,NA,"MAP",NA,NA,NA,NA,NA
"4/24/2012","T8","11-52-0 monoammonium phosphate fertilizer",76,8,17,0,2012-04-24,2012,68,"lb/ac","Fertilizer application",NA,NA,"MAP",NA,NA,NA,NA,NA
"5/9/2012","T5","ammonium nitrate (27-0-0) CAN-27 by YaraBela Co.",0,0,0,0,2012-05-09,2012,0,"lb/ac","Fertilizer application",NA,NA,"NH4NO3N",NA,NA,NA,NA,NA
"5/10/2012","T2","Ammonium sulfate (AMS)",4,1,NA,NA,2012-05-10,2012,4,"lb/ac","Fertilizer application",NA,NA,"NH4N",NA,NA,NA,NA,NA
"5/11/2012","T8","Ammonium sulfate (AMS)",4,1,NA,NA,2012-05-11,2012,4,"lb/ac","Fertilizer application",NA,NA,"NH4N",NA,NA,NA,NA,NA
"5/19/2012","T6","0-0-62 potash fertilizer",580,0,0,317,2012-05-19,2012,517,"lb/ac","Fertilizer application",NA,NA,NA,NA,NA,NA,NA,NA
"5/19/2012","T6","boron (B)",26,0,0,0,2012-05-19,2012,23,"lb/ac","Fertilizer application",NA,NA,NA,NA,NA,NA,NA,NA
"5/22/2012","T6","0-46-0 phosphate fertilizer",225,20,52,0,2012-05-22,2012,201,"lb/ac","Fertilizer application",NA,NA,NA,NA,NA,NA,NA,NA
"5/23/2012","T7","Ammonium sulfate (AMS)",4,1,NA,NA,2012-05-23,2012,4,"lb/ac","Fertilizer application",NA,NA,"NH4N",NA,NA,NA,NA,NA
"6/22/2012","T1","Ammonium sulfate (AMS)",4,1,NA,NA,2012-06-22,2012,4,"lb/ac","Fertilizer application",NA,NA,"NH4N",NA,NA,NA,NA,NA
"6/22/2012","T3","Ammonium sulfate (AMS)",4,1,NA,NA,2012-06-22,2012,4,"lb/ac","Fertilizer application",NA,NA,"NH4N",NA,NA,NA,NA,NA
"6/25/2012","T2","Ammonium sulfate (AMS)",4,1,NA,NA,2012-06-25,2012,4,"lb/ac","Fertilizer application",NA,NA,"NH4N",NA,NA,NA,NA,NA
"6/26/2012","T8","Ammonium sulfate (AMS)",4,1,NA,NA,2012-06-26,2012,4,"lb/ac","Fertilizer application",NA,NA,"NH4N",NA,NA,NA,NA,NA
"4/29/2013","T1","Ammonium sulfate (AMS)",2,0,NA,NA,2013-04-29,2013,2,"lb/ac","Fertilizer application",NA,NA,"NH4N",NA,NA,NA,NA,NA
"5/2/2013","T1","28% UAN (28-0-0)",323,91,0,0,2013-05-02,2013,288,"lb/ac","Fertilizer application",NA,NA,"UreaNO3",NA,NA,NA,NA,NA
"5/2/2013","T2","28% UAN (28-0-0)",323,91,0,0,2013-05-02,2013,288,"lb/ac","Fertilizer application",NA,NA,"UreaNO3",NA,NA,NA,NA,NA
"5/3/2013","T3","28% UAN (28-0-0)",192,54,0,0,2013-05-03,2013,171,"lb/ac","Fertilizer application",NA,NA,"UreaNO3",NA,NA,NA,NA,NA
"5/3/2013",NA,"28% UAN (28-0-0)",258,72,0,0,2013-05-03,2013,230,"lb/ac","Fertilizer application",NA,NA,"UreaNO3",NA,NA,NA,NA,NA
"5/16/2013","T8","28% UAN (28-0-0)",323,91,0,0,2013-05-16,2013,288,"lb/ac","Fertilizer application",NA,NA,"UreaNO3",NA,NA,NA,NA,NA
"5/17/2013","T2","Ammonium sulfate (AMS)",3,1,NA,NA,2013-05-17,2013,3,"lb/ac","Fertilizer application",NA,NA,"NH4N",NA,NA,NA,NA,NA
"7/9/2013","T5","Ammonium sulfate (AMS)",NA,NA,NA,NA,2013-07-09,2013,NA,"lb/ac","Fertilizer application",NA,NA,"NH4N",NA,NA,NA,NA,NA
"7/13/2013","T6","0-0-60 potash fertilizer",303,0,0,90,2013-07-13,2013,270,"lb/ac","Fertilizer application",NA,NA,NA,NA,NA,NA,NA,NA
"8/10/2013","T3","Ammonium sulfate (AMS)",4,1,NA,NA,2013-08-10,2013,4,"lb/ac","Fertilizer application",NA,NA,"NH4N",NA,NA,NA,NA,NA
"8/28/2013","T8","Ammonium sulfate (AMS)",4,1,NA,NA,2013-08-28,2013,4,"lb/ac","Fertilizer application",NA,NA,"NH4N",NA,NA,NA,NA,NA
"8/29/2013","T1","Ammonium sulfate (AMS)",4,1,NA,NA,2013-08-29,2013,4,"lb/ac","Fertilizer application",NA,NA,"NH4N",NA,NA,NA,NA,NA
"8/29/2013","T2","Ammonium sulfate (AMS)",4,1,NA,NA,2013-08-29,2013,4,"lb/ac","Fertilizer application",NA,NA,"NH4N",NA,NA,NA,NA,NA
"4/18/2014","T1","0-0-60 potash fertilizer",79,0,0,23,2014-04-18,2014,70,"lb/ac","Fertilizer application",NA,NA,NA,NA,NA,NA,NA,NA
"4/18/2014","T2","0-0-60 potash fertilizer",79,0,0,23,2014-04-18,2014,70,"lb/ac","Fertilizer application",NA,NA,NA,NA,NA,NA,NA,NA
"4/21/2014","T3","0-0-60 potash fertilizer",79,0,0,23,2014-04-21,2014,70,"lb/ac","Fertilizer application",NA,NA,NA,NA,NA,NA,NA,NA
"4/21/2014","T6","0-0-60 potash fertilizer",561,0,0,167,2014-04-21,2014,501,"lb/ac","Fertilizer application",NA,NA,NA,NA,NA,NA,NA,NA
"4/24/2014","T8","0-0-60 potash fertilizer",79,0,0,23,2014-04-24,2014,70,"lb/ac","Fertilizer application",NA,NA,NA,NA,NA,NA,NA,NA
"5/5/2014","T8","Ammonium sulfate (AMS)",4,1,NA,NA,2014-05-05,2014,4,"lb/ac","Fertilizer application",NA,NA,"NH4N",NA,NA,NA,NA,NA
"5/6/2014","T2","Ammonium sulfate (AMS)",4,1,NA,NA,2014-05-06,2014,4,"lb/ac","Fertilizer application",NA,NA,"NH4N",NA,NA,NA,NA,NA
"5/10/2014","T2","19-17-0 liquid fertilizer",173,33,13,0,2014-05-10,2014,154,"lb/ac","Fertilizer application",NA,NA,"DAP",NA,NA,NA,NA,NA
"5/12/2014","T1","19-17-0 liquid fertilizer",173,33,13,0,2014-05-12,2014,154,"lb/ac","Fertilizer application",NA,NA,"DAP",NA,NA,NA,NA,NA
"5/13/2014","T5","Ammonium sulfate (AMS)",NA,NA,NA,NA,2014-05-13,2014,NA,"lb/ac","Fertilizer application",NA,NA,"NH4N",NA,NA,NA,NA,NA
"5/19/2014","T8","19-17-0 liquid fertilizer",173,33,13,0,2014-05-19,2014,154,"lb/ac","Fertilizer application",NA,NA,"DAP",NA,NA,NA,NA,NA
"5/20/2014","T2","19-17-0 liquid fertilizer",173,33,13,0,2014-05-20,2014,154,"lb/ac","Fertilizer application",NA,NA,"DAP",NA,NA,NA,NA,NA
"5/24/2014","T1","Ammonium sulfate (AMS)",4,1,NA,NA,2014-05-24,2014,4,"lb/ac","Fertilizer application",NA,NA,"NH4N",NA,NA,NA,NA,NA
"5/24/2014","T3","19-17-0 liquid fertilizer",173,33,13,0,2014-05-24,2014,154,"lb/ac","Fertilizer application",NA,NA,"DAP",NA,NA,NA,NA,NA
"6/17/2014","T1","28% UAN (28-0-0)",479,134,0,0,2014-06-17,2014,427,"lb/ac","Fertilizer application",NA,NA,"UreaNO3",NA,NA,NA,NA,NA
"6/18/2014","T2","28% UAN (28-0-0)",479,134,0,0,2014-06-18,2014,427,"lb/ac","Fertilizer application",NA,NA,"UreaNO3",NA,NA,NA,NA,NA
"6/18/2014","T8","28% UAN (28-0-0)",479,134,0,0,2014-06-18,2014,427,"lb/ac","Fertilizer application",NA,NA,"UreaNO3",NA,NA,NA,NA,NA
"6/28/2014",NA,"28% UAN (28-0-0)",479,134,0,0,2014-06-28,2014,427,"lb/ac","Fertilizer application",NA,NA,"UreaNO3",NA,NA,NA,NA,NA
"8/15/2014","T6","0-46-0 phosphate fertilizer",247,22,57,0,2014-08-15,2014,220,"lb/ac","Fertilizer application",NA,NA,NA,NA,NA,NA,NA,NA
"8/27/2014","T6","0-0-60 potash fertilizer",575,0,0,171,2014-08-27,2014,513,"lb/ac","Fertilizer application",NA,NA,NA,NA,NA,NA,NA,NA
"8/27/2014","T6","boron (B)",17,0,0,0,2014-08-27,2014,15,"lb/ac","Fertilizer application",NA,NA,NA,NA,NA,NA,NA,NA
"4/6/2015","T1","0-0-60 potash fertilizer",168,0,0,50,2015-04-06,2015,150,"lb/ac","Fertilizer application",NA,NA,NA,NA,NA,NA,NA,NA
"4/6/2015","T2","0-0-60 potash fertilizer",168,0,0,50,2015-04-06,2015,150,"lb/ac","Fertilizer application",NA,NA,NA,NA,NA,NA,NA,NA
"4/6/2015","T3","0-0-60 potash fertilizer",168,0,0,50,2015-04-06,2015,150,"lb/ac","Fertilizer application",NA,NA,NA,NA,NA,NA,NA,NA
"4/7/2015","T8","0-0-60 potash fertilizer",281,0,0,84,2015-04-07,2015,251,"lb/ac","Fertilizer application",NA,NA,NA,NA,NA,NA,NA,NA
"4/14/2015","T1","0-46-0 phosphate fertilizer",112,10,26,0,2015-04-14,2015,100,"lb/ac","Fertilizer application",NA,NA,NA,NA,NA,NA,NA,NA
"4/14/2015","T2","0-46-0 phosphate fertilizer",112,10,26,0,2015-04-14,2015,100,"lb/ac","Fertilizer application",NA,NA,NA,NA,NA,NA,NA,NA
"4/14/2015","T3","0-46-0 phosphate fertilizer",112,10,26,0,2015-04-14,2015,100,"lb/ac","Fertilizer application",NA,NA,NA,NA,NA,NA,NA,NA
"4/14/2015","T8","0-46-0 phosphate fertilizer",112,10,26,0,2015-04-14,2015,100,"lb/ac","Fertilizer application",NA,NA,NA,NA,NA,NA,NA,NA
"4/15/2015","T6","0-46-0 phosphate fertilizer",225,20,52,0,2015-04-15,2015,201,"lb/ac","Fertilizer application",NA,NA,NA,NA,NA,NA,NA,NA
"4/23/2015","T6","0-0-60 potash fertilizer",337,0,0,100,2015-04-23,2015,301,"lb/ac","Fertilizer application",NA,NA,NA,NA,NA,NA,NA,NA
"4/23/2015","T6","boron (B)",22,0,0,0,2015-04-23,2015,20,"lb/ac","Fertilizer application",NA,NA,NA,NA,NA,NA,NA,NA
"5/22/2015","T2","Ammonium sulfate (AMS)",4,1,NA,NA,2015-05-22,2015,4,"lb/ac","Fertilizer application",NA,NA,"NH4N",NA,NA,NA,NA,NA
"7/1/2015","T3","Ammonium sulfate (AMS)",4,1,NA,NA,2015-07-01,2015,4,"lb/ac","Fertilizer application",NA,NA,"NH4N",NA,NA,NA,NA,NA
"7/23/2015","T1","Ammonium sulfate (AMS)",4,1,NA,NA,2015-07-23,2015,4,"lb/ac","Fertilizer application",NA,NA,"NH4N",NA,NA,NA,NA,NA
"7/23/2015","T2","Ammonium sulfate (AMS)",4,1,NA,NA,2015-07-23,2015,4,"lb/ac","Fertilizer application",NA,NA,"NH4N",NA,NA,NA,NA,NA
"7/29/2015","T8","Ammonium sulfate (AMS)",4,1,NA,NA,2015-07-29,2015,4,"lb/ac","Fertilizer application",NA,NA,"NH4N",NA,NA,NA,NA,NA
"8/21/2015","T6","Ammonium sulfate (AMS)",4,1,NA,NA,2015-08-21,2015,4,"lb/ac","Fertilizer application",NA,NA,"NH4N",NA,NA,NA,NA,NA
"10/5/2015","T6","Ammonium sulfate (AMS)",4,1,NA,NA,2015-10-05,2015,4,"lb/ac","Fertilizer application",NA,NA,"NH4N",NA,NA,NA,NA,NA
"3/21/2016","T1","28% UAN (28-0-0)",120,34,0,0,2016-03-21,2016,107,"lb/ac","Fertilizer application",NA,NA,"UreaNO3",NA,NA,NA,NA,NA
"3/21/2016","T2","28% UAN (28-0-0)",120,34,0,0,2016-03-21,2016,107,"lb/ac","Fertilizer application",NA,NA,"UreaNO3",NA,NA,NA,NA,NA
"3/21/2016","T3","28% UAN (28-0-0)",120,34,0,0,2016-03-21,2016,107,"lb/ac","Fertilizer application",NA,NA,"UreaNO3",NA,NA,NA,NA,NA
"3/22/2016","T8","28% UAN (28-0-0)",120,34,0,0,2016-03-22,2016,107,"lb/ac","Fertilizer application",NA,NA,"UreaNO3",NA,NA,NA,NA,NA
"3/30/2016","T2","0-0-60 potash fertilizer",112,0,0,33,2016-03-30,2016,100,"lb/ac","Fertilizer application",NA,NA,NA,NA,NA,NA,NA,NA
"3/30/2016","T2","11-52-0 monoammonium phosphate fertilizer",220,24,50,0,2016-03-30,2016,196,"lb/ac","Fertilizer application",NA,NA,"MAP",NA,NA,NA,NA,NA
"4/5/2016","T1","0-0-60 potash fertilizer",112,0,0,33,2016-04-05,2016,100,"lb/ac","Fertilizer application",NA,NA,NA,NA,NA,NA,NA,NA
"4/5/2016","T1","11-52-0 monoammonium phosphate fertilizer",220,24,50,0,2016-04-05,2016,196,"lb/ac","Fertilizer application",NA,NA,"MAP",NA,NA,NA,NA,NA
"4/15/2016","T3","Ammonium sulfate (AMS)",3,1,NA,NA,2016-04-15,2016,3,"lb/ac","Fertilizer application",NA,NA,"NH4N",NA,NA,NA,NA,NA
"4/15/2016","T6","0-0-60 potash fertilizer",168,0,0,50,2016-04-15,2016,150,"lb/ac","Fertilizer application",NA,NA,NA,NA,NA,NA,NA,NA
"4/15/2016","T6","0-46-0 phosphate fertilizer",225,20,52,0,2016-04-15,2016,201,"lb/ac","Fertilizer application",NA,NA,NA,NA,NA,NA,NA,NA
"4/15/2016","T8","0-0-60 potash fertilizer",168,0,0,50,2016-04-15,2016,150,"lb/ac","Fertilizer application",NA,NA,NA,NA,NA,NA,NA,NA
"4/15/2016","T8","0-46-0 phosphate fertilizer",225,20,52,0,2016-04-15,2016,201,"lb/ac","Fertilizer application",NA,NA,NA,NA,NA,NA,NA,NA
"4/16/2016","T1","Ammonium sulfate (AMS)",3,1,NA,NA,2016-04-16,2016,3,"lb/ac","Fertilizer application",NA,NA,"NH4N",NA,NA,NA,NA,NA
"4/16/2016","T2","Ammonium sulfate (AMS)",3,1,NA,NA,2016-04-16,2016,3,"lb/ac","Fertilizer application",NA,NA,"NH4N",NA,NA,NA,NA,NA
"4/16/2016","T3","0-0-60 potash fertilizer",168,0,0,50,2016-04-16,2016,150,"lb/ac","Fertilizer application",NA,NA,NA,NA,NA,NA,NA,NA
"4/16/2016","T3","0-46-0 phosphate fertilizer",225,20,52,0,2016-04-16,2016,201,"lb/ac","Fertilizer application",NA,NA,NA,NA,NA,NA,NA,NA
"4/16/2016","T8","Ammonium sulfate (AMS)",3,1,NA,NA,2016-04-16,2016,3,"lb/ac","Fertilizer application",NA,NA,"NH4N",NA,NA,NA,NA,NA
"4/22/2016","T2","11-0-0-26",84,9,8,8,2016-04-22,2016,75,"lb/ac","Fertilizer application",NA,NA,"NH4N",NA,NA,NA,NA,NA
"4/22/2016","T2","28% UAN (28-0-0)",120,34,0,0,2016-04-22,2016,107,"lb/ac","Fertilizer application",NA,NA,"UreaNO3",NA,NA,NA,NA,NA
"4/24/2016","T1","11-0-0-26",84,9,8,8,2016-04-24,2016,75,"lb/ac","Fertilizer application",NA,NA,"NH4N",NA,NA,NA,NA,NA
"4/24/2016","T1","28% UAN (28-0-0)",120,34,0,0,2016-04-24,2016,107,"lb/ac","Fertilizer application",NA,NA,"UreaNO3",NA,NA,NA,NA,NA
"4/27/2016","T3","11-0-0-26",84,9,8,8,2016-04-27,2016,75,"lb/ac","Fertilizer application",NA,NA,"NH4N",NA,NA,NA,NA,NA
"4/27/2016","T3","28% UAN (28-0-0)",60,17,0,0,2016-04-27,2016,54,"lb/ac","Fertilizer application",NA,NA,"UreaNO3",NA,NA,NA,NA,NA
"4/27/2016","T8","11-0-0-26",84,9,8,8,2016-04-27,2016,75,"lb/ac","Fertilizer application",NA,NA,"NH4N",NA,NA,NA,NA,NA
"4/27/2016","T8","28% UAN (28-0-0)",102,28,0,0,2016-04-27,2016,91,"lb/ac","Fertilizer application",NA,NA,"UreaNO3",NA,NA,NA,NA,NA
"8/2/2016","T3","Ammonium sulfate (AMS)",4,1,NA,NA,2016-08-02,2016,4,"lb/ac","Fertilizer application",NA,NA,"NH4N",NA,NA,NA,NA,NA
"8/18/2016","T6","Ammonium sulfate (AMS)",4,1,NA,NA,2016-08-18,2016,4,"lb/ac","Fertilizer application",NA,NA,"NH4N",NA,NA,NA,NA,NA
"8/18/2016","T8","Ammonium sulfate (AMS)",4,1,NA,NA,2016-08-18,2016,4,"lb/ac","Fertilizer application",NA,NA,"NH4N",NA,NA,NA,NA,NA
"8/29/2016","T1","Ammonium sulfate (AMS)",4,1,NA,NA,2016-08-29,2016,4,"lb/ac","Fertilizer application",NA,NA,"NH4N",NA,NA,NA,NA,NA
"9/1/2016","T2","Ammonium sulfate (AMS)",4,1,NA,NA,2016-09-01,2016,4,"lb/ac","Fertilizer application",NA,NA,"NH4N",NA,NA,NA,NA,NA
"10/19/2016","T6","Ammonium sulfate (AMS)",4,1,NA,NA,2016-10-19,2016,4,"lb/ac","Fertilizer application",NA,NA,"NH4N",NA,NA,NA,NA,NA
"4/24/2017","T2","Ammonium sulfate (AMS)",4,1,NA,NA,2017-04-24,2017,4,"lb/ac","Fertilizer application",NA,NA,"NH4N",NA,NA,NA,NA,NA
"4/24/2017","T8","Ammonium sulfate (AMS)",4,1,NA,NA,2017-04-24,2017,4,"lb/ac","Fertilizer application",NA,NA,"NH4N",NA,NA,NA,NA,NA
"5/8/2017","T1","0-0-60 potash fertilizer",90,0,0,27,2017-05-08,2017,80,"lb/ac","Fertilizer application",NA,NA,NA,NA,NA,NA,NA,NA
"5/8/2017","T2","0-0-60 potash fertilizer",90,0,0,27,2017-05-08,2017,80,"lb/ac","Fertilizer application",NA,NA,NA,NA,NA,NA,NA,NA
"5/8/2017","T3","0-0-60 potash fertilizer",90,0,0,27,2017-05-08,2017,80,"lb/ac","Fertilizer application",NA,NA,NA,NA,NA,NA,NA,NA
"5/10/2017","T2","19-17-0 liquid fertilizer",173,33,13,0,2017-05-10,2017,154,"lb/ac","Fertilizer application",NA,NA,"DAP",NA,NA,NA,NA,NA
"5/10/2017","T8","19-17-0 liquid fertilizer",173,33,13,0,2017-05-10,2017,154,"lb/ac","Fertilizer application",NA,NA,"DAP",NA,NA,NA,NA,NA
"5/15/2017","T2","19-17-0 liquid fertilizer",173,33,13,0,2017-05-15,2017,154,"lb/ac","Fertilizer application",NA,NA,"DAP",NA,NA,NA,NA,NA
"5/16/2017","T1","19-17-0 liquid fertilizer",173,33,13,0,2017-05-16,2017,154,"lb/ac","Fertilizer application",NA,NA,"DAP",NA,NA,NA,NA,NA
"5/19/2017","T3","19-17-0 liquid fertilizer",173,33,13,0,2017-05-19,2017,154,"lb/ac","Fertilizer application",NA,NA,"DAP",NA,NA,NA,NA,NA
"5/24/2017","T3","19-17-0 liquid fertilizer",173,33,13,0,2017-05-24,2017,154,"lb/ac","Fertilizer application",NA,NA,"DAP",NA,NA,NA,NA,NA
"6/8/2017","T3","Ammonium sulfate (AMS)",4,1,NA,NA,2017-06-08,2017,4,"lb/ac","Fertilizer application",NA,NA,"NH4N",NA,NA,NA,NA,NA
"6/9/2017","T1","Ammonium sulfate (AMS)",4,1,NA,NA,2017-06-09,2017,4,"lb/ac","Fertilizer application",NA,NA,"NH4N",NA,NA,NA,NA,NA
"6/9/2017","T2","Ammonium sulfate (AMS)",4,1,NA,NA,2017-06-09,2017,4,"lb/ac","Fertilizer application",NA,NA,"NH4N",NA,NA,NA,NA,NA
"6/21/2017","T1","28% UAN (28-0-0)",491,138,0,0,2017-06-21,2017,438,"lb/ac","Fertilizer application",NA,NA,"UreaNO3",NA,NA,NA,NA,NA
"6/21/2017","T2","28% UAN (28-0-0)",491,138,0,0,2017-06-21,2017,438,"lb/ac","Fertilizer application",NA,NA,"UreaNO3",NA,NA,NA,NA,NA
"6/27/2017","T8","28% UAN (28-0-0)",491,138,0,0,2017-06-27,2017,438,"lb/ac","Fertilizer application",NA,NA,"UreaNO3",NA,NA,NA,NA,NA
"7/6/2017","T8","Ammonium sulfate (AMS)",4,1,NA,NA,2017-07-06,2017,4,"lb/ac","Fertilizer application",NA,NA,"NH4N",NA,NA,NA,NA,NA
"5/8/2018","T2","Ammonium sulfate (AMS)",4,1,NA,NA,2018-05-08,2018,4,"lb/ac","Fertilizer application",NA,NA,"NH4N",NA,NA,NA,NA,NA
"5/8/2018","T6","Ammonium sulfate (AMS)",4,1,NA,NA,2018-05-08,2018,4,"lb/ac","Fertilizer application",NA,NA,"NH4N",NA,NA,NA,NA,NA
"5/8/2018","T8","Ammonium sulfate (AMS)",4,1,NA,NA,2018-05-08,2018,4,"lb/ac","Fertilizer application",NA,NA,"NH4N",NA,NA,NA,NA,NA
"5/24/2018","T1","0-0-60 potash fertilizer",135,0,0,40,2018-05-24,2018,120,"lb/ac","Fertilizer application",NA,NA,NA,NA,NA,NA,NA,NA
"5/24/2018","T2","0-0-60 potash fertilizer",135,0,0,40,2018-05-24,2018,120,"lb/ac","Fertilizer application",NA,NA,NA,NA,NA,NA,NA,NA
"5/24/2018","T3","0-0-60 potash fertilizer",135,0,0,40,2018-05-24,2018,120,"lb/ac","Fertilizer application",NA,NA,NA,NA,NA,NA,NA,NA
"6/25/2018","T6","Ammonium sulfate (AMS)",4,1,NA,NA,2018-06-25,2018,4,"lb/ac","Fertilizer application",NA,NA,"NH4N",NA,NA,NA,NA,NA
"6/28/2018","T3","Ammonium sulfate (AMS)",4,1,NA,NA,2018-06-28,2018,4,"lb/ac","Fertilizer application",NA,NA,"NH4N",NA,NA,NA,NA,NA
"7/11/2018","T8","Ammonium sulfate (AMS)",4,1,NA,NA,2018-07-11,2018,4,"lb/ac","Fertilizer application",NA,NA,"NH4N",NA,NA,NA,NA,NA
"7/12/2018","T1","Ammonium sulfate (AMS)",4,1,NA,NA,2018-07-12,2018,4,"lb/ac","Fertilizer application",NA,NA,"NH4N",NA,NA,NA,NA,NA
"7/12/2018","T2","Ammonium sulfate (AMS)",4,1,NA,NA,2018-07-12,2018,4,"lb/ac","Fertilizer application",NA,NA,"NH4N",NA,NA,NA,NA,NA
"10/9/2018","T5","Ammonium sulfate (AMS)",NA,NA,NA,NA,2018-10-09,2018,NA,"lb/ac","Fertilizer application",NA,NA,"NH4N",NA,NA,NA,NA,NA
"10/9/2018","T6","Ammonium sulfate (AMS)",4,1,NA,NA,2018-10-09,2018,4,"lb/ac","Fertilizer application",NA,NA,"NH4N",NA,NA,NA,NA,NA
"3/23/2019","T8","28% UAN (28-0-0)",120,34,0,0,2019-03-23,2019,107,"lb/ac","Fertilizer application",NA,NA,"UreaNO3",NA,NA,NA,NA,NA
"3/25/2019","T2","28% UAN (28-0-0)",120,34,0,0,2019-03-25,2019,107,"lb/ac","Fertilizer application",NA,NA,"UreaNO3",NA,NA,NA,NA,NA
"3/26/2019","T1","28% UAN (28-0-0)",120,34,0,0,2019-03-26,2019,107,"lb/ac","Fertilizer application",NA,NA,"UreaNO3",NA,NA,NA,NA,NA
"3/26/2019","T3","28% UAN (28-0-0)",120,34,0,0,2019-03-26,2019,107,"lb/ac","Fertilizer application",NA,NA,"UreaNO3",NA,NA,NA,NA,NA
"3/26/2019",NA,"28% UAN (28-0-0)",120,34,0,0,2019-03-26,2019,107,"lb/ac","Fertilizer application",NA,NA,"UreaNO3",NA,NA,NA,NA,NA
"3/28/2019","T1","0-0-60 potash fertilizer",112,0,0,33,2019-03-28,2019,100,"lb/ac","Fertilizer application",NA,NA,NA,NA,NA,NA,NA,NA
"3/28/2019","T1","11-52-0 monoammonium phosphate fertilizer",220,24,50,0,2019-03-28,2019,196,"lb/ac","Fertilizer application",NA,NA,"MAP",NA,NA,NA,NA,NA
"3/28/2019","T2","0-0-60 potash fertilizer",112,0,0,33,2019-03-28,2019,100,"lb/ac","Fertilizer application",NA,NA,NA,NA,NA,NA,NA,NA
"3/28/2019","T2","11-52-0 monoammonium phosphate fertilizer",220,24,50,0,2019-03-28,2019,196,"lb/ac","Fertilizer application",NA,NA,"MAP",NA,NA,NA,NA,NA
"3/28/2019","T8","0-0-60 potash fertilizer",112,0,0,33,2019-03-28,2019,100,"lb/ac","Fertilizer application",NA,NA,NA,NA,NA,NA,NA,NA
"3/28/2019","T8","11-52-0 monoammonium phosphate fertilizer",220,24,50,0,2019-03-28,2019,196,"lb/ac","Fertilizer application",NA,NA,"MAP",NA,NA,NA,NA,NA
"3/28/2019",NA,"0-0-60 potash fertilizer",112,0,0,33,2019-03-28,2019,100,"lb/ac","Fertilizer application",NA,NA,NA,NA,NA,NA,NA,NA
"3/28/2019",NA,"11-52-0 monoammonium phosphate fertilizer",220,24,50,0,2019-03-28,2019,196,"lb/ac","Fertilizer application",NA,NA,"MAP",NA,NA,NA,NA,NA
"4/8/2019","T3","0-0-60 potash fertilizer",112,0,0,33,2019-04-08,2019,100,"lb/ac","Fertilizer application",NA,NA,NA,NA,NA,NA,NA,NA
"4/8/2019","T3","0-46-0 phosphate fertilizer",253,23,58,0,2019-04-08,2019,226,"lb/ac","Fertilizer application",NA,NA,NA,NA,NA,NA,NA,NA
"4/8/2019","T3","Sulfur (0-0-0-85)",34,0,0,0,2019-04-08,2019,30,"lb/ac","Fertilizer application",NA,NA,NA,NA,NA,NA,NA,NA
"4/8/2019",NA,"0-0-60 potash fertilizer",112,0,0,33,2019-04-08,2019,100,"lb/ac","Fertilizer application",NA,NA,NA,NA,NA,NA,NA,NA
"4/8/2019",NA,"0-46-0 phosphate fertilizer",253,23,58,0,2019-04-08,2019,226,"lb/ac","Fertilizer application",NA,NA,NA,NA,NA,NA,NA,NA
"4/8/2019",NA,"Sulfur (0-0-0-85)",34,0,0,0,2019-04-08,2019,30,"lb/ac","Fertilizer application",NA,NA,NA,NA,NA,NA,NA,NA
"4/17/2019","T1","Ammonium sulfate (AMS)",4,1,NA,NA,2019-04-17,2019,4,"lb/ac","Fertilizer application",NA,NA,"NH4N",NA,NA,NA,NA,NA
"4/17/2019","T2","Ammonium sulfate (AMS)",4,1,NA,NA,2019-04-17,2019,4,"lb/ac","Fertilizer application",NA,NA,"NH4N",NA,NA,NA,NA,NA
"4/17/2019","T8","Ammonium sulfate (AMS)",4,1,NA,NA,2019-04-17,2019,4,"lb/ac","Fertilizer application",NA,NA,"NH4N",NA,NA,NA,NA,NA
"4/17/2019",NA,"Ammonium sulfate (AMS)",4,1,NA,NA,2019-04-17,2019,4,"lb/ac","Fertilizer application",NA,NA,"NH4N",NA,NA,NA,NA,NA
"4/22/2019","T3","Ammonium sulfate (AMS)",4,1,NA,NA,2019-04-22,2019,4,"lb/ac","Fertilizer application",NA,NA,"NH4N",NA,NA,NA,NA,NA
"4/22/2019",NA,"Ammonium sulfate (AMS)",4,1,NA,NA,2019-04-22,2019,4,"lb/ac","Fertilizer application",NA,NA,"NH4N",NA,NA,NA,NA,NA
"4/25/2019","T3","custom mix",34,NA,NA,NA,2019-04-25,2019,30,"lb/ac","Fertilizer application",NA,NA,NA,NA,NA,NA,NA,NA
"4/25/2019","T4","custom mix",34,NA,NA,NA,2019-04-25,2019,30,"lb/ac","Fertilizer application",NA,NA,NA,NA,NA,NA,NA,NA
"5/5/2019","T1","12-0-0-26",84,10,0,0,2019-05-05,2019,75,"lb/ac","Fertilizer application",NA,NA,NA,NA,NA,NA,NA,NA
"5/5/2019","T1","32 % Liquid UAN (32-0-0-0)",112,36,0,0,2019-05-05,2019,100,"lb/ac","Fertilizer application",NA,NA,"UreaNO3",NA,NA,NA,NA,NA
"5/5/2019","T2","12-0-0-26",84,10,0,0,2019-05-05,2019,75,"lb/ac","Fertilizer application",NA,NA,NA,NA,NA,NA,NA,NA
"5/5/2019","T2","32 % Liquid UAN (32-0-0-0)",112,36,0,0,2019-05-05,2019,100,"lb/ac","Fertilizer application",NA,NA,"UreaNO3",NA,NA,NA,NA,NA
"5/5/2019",NA,"12-0-0-26",84,10,0,0,2019-05-05,2019,75,"lb/ac","Fertilizer application",NA,NA,NA,NA,NA,NA,NA,NA
"5/5/2019",NA,"32 % Liquid UAN (32-0-0-0)",112,36,0,0,2019-05-05,2019,100,"lb/ac","Fertilizer application",NA,NA,"UreaNO3",NA,NA,NA,NA,NA
"5/6/2019","T3","28% UAN (28-0-0)",108,30,0,0,2019-05-06,2019,96,"lb/ac","Fertilizer application",NA,NA,"UreaNO3",NA,NA,NA,NA,NA
"5/6/2019",NA,"28% UAN (28-0-0)",108,30,0,0,2019-05-06,2019,96,"lb/ac","Fertilizer application",NA,NA,"UreaNO3",NA,NA,NA,NA,NA
"5/8/2019","T8","28% UAN (28-0-0)",172,48,0,0,2019-05-08,2019,153,"lb/ac","Fertilizer application",NA,NA,"UreaNO3",NA,NA,NA,NA,NA
"6/6/2019","T5","Ammonium sulfate (AMS)",4,1,NA,NA,2019-06-06,2019,4,"lb/ac","Fertilizer application",NA,NA,"NH4N",NA,NA,NA,NA,NA
"6/7/2019","T6","Ammonium sulfate (AMS)",4,1,NA,NA,2019-06-07,2019,4,"lb/ac","Fertilizer application",NA,NA,"NH4N",NA,NA,NA,NA,NA
"6/12/2019","T5","0-0-60 potash fertilizer",337,0,0,100,2019-06-12,2019,301,"lb/ac","Fertilizer application",NA,NA,NA,NA,NA,NA,NA,NA
"8/12/2019","T3","Ammonium sulfate (AMS)",4,1,NA,NA,2019-08-12,2019,4,"lb/ac","Fertilizer application",NA,NA,"NH4N",NA,NA,NA,NA,NA
"8/12/2019",NA,"Ammonium sulfate (AMS)",4,1,NA,NA,2019-08-12,2019,4,"lb/ac","Fertilizer application",NA,NA,"NH4N",NA,NA,NA,NA,NA
"8/13/2019","T1","Ammonium sulfate (AMS)",4,1,NA,NA,2019-08-13,2019,4,"lb/ac","Fertilizer application",NA,NA,"NH4N",NA,NA,NA,NA,NA
"8/13/2019","T2","Ammonium sulfate (AMS)",4,1,NA,NA,2019-08-13,2019,4,"lb/ac","Fertilizer application",NA,NA,"NH4N",NA,NA,NA,NA,NA
"8/13/2019","T8","Ammonium sulfate (AMS)",4,1,NA,NA,2019-08-13,2019,4,"lb/ac","Fertilizer application",NA,NA,"NH4N",NA,NA,NA,NA,NA
"8/13/2019",NA,"Ammonium sulfate (AMS)",4,1,NA,NA,2019-08-13,2019,4,"lb/ac","Fertilizer application",NA,NA,"NH4N",NA,NA,NA,NA,NA
"10/18/2019","T1","Ammonium sulfate (AMS)",4,1,NA,NA,2019-10-18,2019,4,"lb/ac","Fertilizer application",NA,NA,"NH4N",NA,NA,NA,NA,NA
"10/18/2019","T2","Ammonium sulfate (AMS)",4,1,NA,NA,2019-10-18,2019,4,"lb/ac","Fertilizer application",NA,NA,"NH4N",NA,NA,NA,NA,NA
"10/18/2019","T8","Ammonium sulfate (AMS)",4,1,NA,NA,2019-10-18,2019,4,"lb/ac","Fertilizer application",NA,NA,"NH4N",NA,NA,NA,NA,NA
"10/18/2019",NA,"Ammonium sulfate (AMS)",4,1,NA,NA,2019-10-18,2019,4,"lb/ac","Fertilizer application",NA,NA,"NH4N",NA,NA,NA,NA,NA
"4/16/2020","T1","0-0-60",112,0,0,67,2020-04-16,2020,100,"lb/ac","Fertilizer application",NA,NA,NA,NA,NA,NA,NA,NA
"4/16/2020","T3","0-0-60",112,0,0,67,2020-04-16,2020,100,"lb/ac","Fertilizer application",NA,NA,NA,NA,NA,NA,NA,NA
"4/16/2020",NA,"0-0-60",112,0,0,67,2020-04-16,2020,100,"lb/ac","Fertilizer application",NA,NA,NA,NA,NA,NA,NA,NA
"4/20/2020","T2","0-0-60",112,0,0,67,2020-04-20,2020,100,"lb/ac","Fertilizer application",NA,NA,NA,NA,NA,NA,NA,NA
"4/28/2020","T2","Ammonium sulfate (AMS)",4,1,NA,NA,2020-04-28,2020,4,"lb/ac","Fertilizer application",NA,NA,"NH4N",NA,NA,NA,NA,NA
"4/28/2020","T8","Ammonium sulfate (AMS)",4,1,NA,NA,2020-04-28,2020,4,"lb/ac","Fertilizer application",NA,NA,"NH4N",NA,NA,NA,NA,NA
"5/4/2020","T8","0-0-60",112,0,0,67,2020-05-04,2020,100,"lb/ac","Fertilizer application",NA,NA,NA,NA,NA,NA,NA,NA
"5/12/2020","T2","16.5-16.5-0-2.9 with .2 lbs/A zinc and .3 lbs/A boron starter fertilizer",206,34,34,0,2020-05-12,2020,184,"lb/ac","Fertilizer application",NA,NA,NA,NA,NA,NA,NA,NA
"5/13/2020","T1","16.5-16.5-0-2.9 with .2 lbs/A zinc and .3 lbs/A boron starter fertilizer",206,34,34,0,2020-05-13,2020,184,"lb/ac","Fertilizer application",NA,NA,NA,NA,NA,NA,NA,NA
"5/13/2020","T8","16.5-16.5-0-2.9 with .2 lbs/A zinc and .3 lbs/A boron starter fertilizer",206,34,34,0,2020-05-13,2020,184,"lb/ac","Fertilizer application",NA,NA,NA,NA,NA,NA,NA,NA
"5/13/2020",NA,"16.5-16.5-0-2.9 with .2 lbs/A zinc and .3 lbs/A boron starter fertilizer",206,34,34,0,2020-05-13,2020,184,"lb/ac","Fertilizer application",NA,NA,NA,NA,NA,NA,NA,NA
"5/22/2020","T6","28% UAN (28-0-0)",200,56,0,0,2020-05-22,2020,178,"lb/ac","Fertilizer application",NA,NA,"UreaNO3",NA,NA,NA,NA,NA
"5/26/2020","T3","16.5-16.5-0-2.9 with .2 lbs/A zinc and .3 lbs/A boron starter fertilizer",206,34,34,0,2020-05-26,2020,184,"lb/ac","Fertilizer application",NA,NA,NA,NA,NA,NA,NA,NA
"5/26/2020",NA,"16.5-16.5-0-2.9 with .2 lbs/A zinc and .3 lbs/A boron starter fertilizer",206,34,34,0,2020-05-26,2020,184,"lb/ac","Fertilizer application",NA,NA,NA,NA,NA,NA,NA,NA
"6/11/2020","T8","28% UAN (28-0-0)",491,138,0,0,2020-06-11,2020,438,"lb/ac","Fertilizer application",NA,NA,"UreaNO3",NA,NA,NA,NA,NA
"6/18/2020","T1","28% UAN (28-0-0)",491,138,0,0,2020-06-18,2020,438,"lb/ac","Fertilizer application",NA,NA,"UreaNO3",NA,NA,NA,NA,NA
"6/18/2020","T2","28% UAN (28-0-0)",491,138,0,0,2020-06-18,2020,438,"lb/ac","Fertilizer application",NA,NA,"UreaNO3",NA,NA,NA,NA,NA
"6/18/2020",NA,"28% UAN (28-0-0)",491,138,0,0,2020-06-18,2020,438,"lb/ac","Fertilizer application",NA,NA,"UreaNO3",NA,NA,NA,NA,NA
"6/24/2020","T1","28% UAN (28-0-0)",281,79,0,0,2020-06-24,2020,251,"lb/ac","Fertilizer application",NA,NA,"UreaNO3",NA,NA,NA,NA,NA
"6/24/2020","T2","28% UAN (28-0-0)",281,79,0,0,2020-06-24,2020,251,"lb/ac","Fertilizer application",NA,NA,"UreaNO3",NA,NA,NA,NA,NA
"6/24/2020",NA,"28% UAN (28-0-0)",281,79,0,0,2020-06-24,2020,251,"lb/ac","Fertilizer application",NA,NA,"UreaNO3",NA,NA,NA,NA,NA
"6/25/2020","T2","Ammonium sulfate (AMS)",4,1,NA,NA,2020-06-25,2020,4,"lb/ac","Fertilizer application",NA,NA,"NH4N",NA,NA,NA,NA,NA
"6/25/2020","T3","Ammonium sulfate (AMS)",4,1,NA,NA,2020-06-25,2020,4,"lb/ac","Fertilizer application",NA,NA,"NH4N",NA,NA,NA,NA,NA
"6/25/2020",NA,"Ammonium sulfate (AMS)",4,1,NA,NA,2020-06-25,2020,4,"lb/ac","Fertilizer application",NA,NA,"NH4N",NA,NA,NA,NA,NA
"7/30/2020","T6","Ammonium sulfate (AMS)",4,1,NA,NA,2020-07-30,2020,4,"lb/ac","Fertilizer application",NA,NA,"NH4N",NA,NA,NA,NA,NA
"4/27/2021","T2","0-0-60",161,0,0,97,2021-04-27,2021,144,"lb/ac","Fertilizer application",NA,NA,NA,NA,NA,NA,NA,NA
"4/30/2021","T1","0-0-60",170,0,0,102,2021-04-30,2021,152,"lb/ac","Fertilizer application",NA,NA,NA,NA,NA,NA,NA,NA
"4/30/2021","T3","0-0-60",150,0,0,90,2021-04-30,2021,134,"lb/ac","Fertilizer application",NA,NA,NA,NA,NA,NA,NA,NA
"5/6/2021","T8","0-0-60",281,0,0,168,2021-05-06,2021,251,"lb/ac","Fertilizer application",NA,NA,NA,NA,NA,NA,NA,NA
"5/10/2021","T1","0-46-0 phosphate fertilizer",124,11,28,0,2021-05-10,2021,111,"lb/ac","Fertilizer application",NA,NA,NA,NA,NA,NA,NA,NA
"5/10/2021","T2","0-46-0 phosphate fertilizer",112,10,26,0,2021-05-10,2021,100,"lb/ac","Fertilizer application",NA,NA,NA,NA,NA,NA,NA,NA
"5/10/2021","T3","0-46-0 phosphate fertilizer",117,10,27,0,2021-05-10,2021,104,"lb/ac","Fertilizer application",NA,NA,NA,NA,NA,NA,NA,NA
"5/27/2021","T6","28% UAN (28-0-0)",200,56,0,0,2021-05-27,2021,178,"lb/ac","Fertilizer application",NA,NA,"UreaNO3",NA,NA,NA,NA,NA
"6/3/2021","T2","Ammonium sulfate (AMS)",3,0,NA,NA,2021-06-03,2021,3,"lb/ac","Fertilizer application",NA,NA,"NH4N",NA,NA,NA,NA,NA
"6/9/2021","T8","Ammonium sulfate (AMS)",3,0,NA,NA,2021-06-09,2021,3,"lb/ac","Fertilizer application",NA,NA,"NH4N",NA,NA,NA,NA,NA
"6/16/2021","T2","Ammonium sulfate (AMS)",3,0,NA,NA,2021-06-16,2021,3,"lb/ac","Fertilizer application",NA,NA,"NH4N",NA,NA,NA,NA,NA
"6/17/2021","T1","Ammonium sulfate (AMS)",4,1,NA,NA,2021-06-17,2021,4,"lb/ac","Fertilizer application",NA,NA,"NH4N",NA,NA,NA,NA,NA
"6/17/2021",NA,"Ammonium sulfate (AMS)",4,1,NA,NA,2021-06-17,2021,4,"lb/ac","Fertilizer application",NA,NA,"NH4N",NA,NA,NA,NA,NA
"6/24/2021","T3","Ammonium sulfate (AMS)",4,1,NA,NA,2021-06-24,2021,4,"lb/ac","Fertilizer application",NA,NA,"NH4N",NA,NA,NA,NA,NA
"6/24/2021",NA,"Ammonium sulfate (AMS)",4,1,NA,NA,2021-06-24,2021,4,"lb/ac","Fertilizer application",NA,NA,"NH4N",NA,NA,NA,NA,NA
"7/27/2021","T1","Ammonium sulfate (AMS)",4,1,NA,NA,2021-07-27,2021,4,"lb/ac","Fertilizer application",NA,NA,"NH4N",NA,NA,NA,NA,NA
"7/27/2021","T2","Ammonium sulfate (AMS)",4,1,NA,NA,2021-07-27,2021,4,"lb/ac","Fertilizer application",NA,NA,"NH4N",NA,NA,NA,NA,NA
"7/27/2021","T8","Ammonium sulfate (AMS)",4,1,NA,NA,2021-07-27,2021,4,"lb/ac","Fertilizer application",NA,NA,"NH4N",NA,NA,NA,NA,NA
"7/27/2021",NA,"Ammonium sulfate (AMS)",4,1,NA,NA,2021-07-27,2021,4,"lb/ac","Fertilizer application",NA,NA,"NH4N",NA,NA,NA,NA,NA
"3/17/2022","T2","28% UAN (28-0-0)",240,67,0,0,2022-03-17,2022,214,"lb/ac","Fertilizer application",NA,NA,"UreaNO3",NA,NA,NA,NA,NA
"3/21/2022","T3","28% UAN (28-0-0)",120,34,0,0,2022-03-21,2022,107,"lb/ac","Fertilizer application",NA,NA,"UreaNO3",NA,NA,NA,NA,NA
"3/21/2022",NA,"28% UAN (28-0-0)",120,34,0,0,2022-03-21,2022,107,"lb/ac","Fertilizer application",NA,NA,"UreaNO3",NA,NA,NA,NA,NA
"3/22/2022","T1","28% UAN (28-0-0)",240,67,0,0,2022-03-22,2022,214,"lb/ac","Fertilizer application",NA,NA,"UreaNO3",NA,NA,NA,NA,NA
"3/22/2022",NA,"28% UAN (28-0-0)",240,67,0,0,2022-03-22,2022,214,"lb/ac","Fertilizer application",NA,NA,"UreaNO3",NA,NA,NA,NA,NA
"3/28/2022","T8","28% UAN (28-0-0)",240,67,0,0,2022-03-28,2022,214,"lb/ac","Fertilizer application",NA,NA,"UreaNO3",NA,NA,NA,NA,NA
"5/2/2022","T2","0-46-0 phosphate fertilizer",191,17,44,0,2022-05-02,2022,170,"lb/ac","Fertilizer application",NA,NA,NA,NA,NA,NA,NA,NA
"5/5/2022","T1","11-0-0-26",84,9,8,8,2022-05-05,2022,75,"lb/ac","Fertilizer application",NA,NA,"NH4N",NA,NA,NA,NA,NA
"5/5/2022","T1","28% UAN (28-0-0)",216,60,0,0,2022-05-05,2022,193,"lb/ac","Fertilizer application",NA,NA,"UreaNO3",NA,NA,NA,NA,NA
"5/5/2022","T2","11-0-0-26",84,9,8,8,2022-05-05,2022,75,"lb/ac","Fertilizer application",NA,NA,"NH4N",NA,NA,NA,NA,NA
"5/5/2022","T2","28% UAN (28-0-0)",216,60,0,0,2022-05-05,2022,193,"lb/ac","Fertilizer application",NA,NA,"UreaNO3",NA,NA,NA,NA,NA
"5/5/2022","T8","11-0-0-26",84,9,8,8,2022-05-05,2022,75,"lb/ac","Fertilizer application",NA,NA,"NH4N",NA,NA,NA,NA,NA
"5/5/2022","T8","28% UAN (28-0-0)",216,60,0,0,2022-05-05,2022,193,"lb/ac","Fertilizer application",NA,NA,"UreaNO3",NA,NA,NA,NA,NA
"5/5/2022",NA,"11-0-0-26",84,9,8,8,2022-05-05,2022,75,"lb/ac","Fertilizer application",NA,NA,"NH4N",NA,NA,NA,NA,NA
"5/5/2022",NA,"28% UAN (28-0-0)",216,60,0,0,2022-05-05,2022,193,"lb/ac","Fertilizer application",NA,NA,"UreaNO3",NA,NA,NA,NA,NA
"5/9/2022","T2","0-46-0 phosphate fertilizer",191,17,44,0,2022-05-09,2022,170,"lb/ac","Fertilizer application",NA,NA,NA,NA,NA,NA,NA,NA
"5/10/2022","T1","0-46-0 phosphate fertilizer",191,17,44,0,2022-05-10,2022,170,"lb/ac","Fertilizer application",NA,NA,NA,NA,NA,NA,NA,NA
"5/10/2022","T3","0-46-0 phosphate fertilizer",191,17,44,0,2022-05-10,2022,170,"lb/ac","Fertilizer application",NA,NA,NA,NA,NA,NA,NA,NA
"5/10/2022","T8","0-46-0 phosphate fertilizer",191,17,44,0,2022-05-10,2022,170,"lb/ac","Fertilizer application",NA,NA,NA,NA,NA,NA,NA,NA
"5/12/2022","T1","0-0-60",79,0,0,47,2022-05-12,2022,70,"lb/ac","Fertilizer application",NA,NA,NA,NA,NA,NA,NA,NA
"5/12/2022","T2","0-0-60",79,0,0,47,2022-05-12,2022,70,"lb/ac","Fertilizer application",NA,NA,NA,NA,NA,NA,NA,NA
"5/12/2022","T8","0-0-60",168,0,0,101,2022-05-12,2022,150,"lb/ac","Fertilizer application",NA,NA,NA,NA,NA,NA,NA,NA
"5/12/2022",NA,"0-0-60",79,0,0,47,2022-05-12,2022,70,"lb/ac","Fertilizer application",NA,NA,NA,NA,NA,NA,NA,NA
"5/13/2022","T3","28% UAN (28-0-0)",120,34,0,0,2022-05-13,2022,107,"lb/ac","Fertilizer application",NA,NA,"UreaNO3",NA,NA,NA,NA,NA
"5/13/2022",NA,"28% UAN (28-0-0)",120,34,0,0,2022-05-13,2022,107,"lb/ac","Fertilizer application",NA,NA,"UreaNO3",NA,NA,NA,NA,NA
"5/17/2022","T3","0-0-60 potash",79,0,0,39,2022-05-17,2022,70,"lb/ac","Fertilizer application",NA,NA,NA,NA,NA,NA,NA,NA
"5/17/2022","T3","Sulfur (0-0-0-85)",28,0,0,0,2022-05-17,2022,25,"lb/ac","Fertilizer application",NA,NA,NA,NA,NA,NA,NA,NA
"5/17/2022",NA,"0-0-60 potash",79,0,0,39,2022-05-17,2022,70,"lb/ac","Fertilizer application",NA,NA,NA,NA,NA,NA,NA,NA
"5/17/2022",NA,"Sulfur (0-0-0-85)",28,0,0,0,2022-05-17,2022,25,"lb/ac","Fertilizer application",NA,NA,NA,NA,NA,NA,NA,NA
"5/18/2022","T6","28% UAN (28-0-0)",204,57,0,0,2022-05-18,2022,182,"lb/ac","Fertilizer application",NA,NA,"UreaNO3",NA,NA,NA,NA,NA
