# Soil Bulk Density by Depth - Deep Cores,,,,,,,,,,,
#,,,,,,,,,,,
# Original Data Source: https://lter.kbs.msu.edu/datatables/308,,,,,,,,,,,
# The newest version of the data https://lter.kbs.msu.edu/datatables/308.csv,,,,,,,,,,,
# Full EML Metadata: https://lter.kbs.msu.edu/datasets/47.eml,,,,,,,,,,,
#,,,,,,,,,,,
# These Data are copyrighted and use in a publication requires written permission,,,,,,,,,,,
# as detailed in our Terms of use:  https://lter.kbs.msu.edu/data/terms-of-use/,,,,,,,,,,,
# Use of the data constitutes acceptance of the terms.,,,,,,,,,,,
#,,,,,,,,,,,
#     VARIATE TABLE,,,,,,,,,,,
"# year		sample year",,,,,,,,,,,
"# treatment		treatment that was sampled",,,,,,,,,,,
"# replicate		replicate plot that was sampled",,,,,,,,,,,
"# station		station within the plot that was sampled",,,,,,,,,,,
"# core		core identifier for the station (generally two cores were taken per station)",,,,,,,,,,,
"# section		horizon section (cores were divided into surface", middle and deep sections pre 2013 and by depth in 2013),,,,,,,,,,
"# horizon_length	centimeter	length of the horizon sampled",,,,,,,,,,,
"# core_volume_cm3	cubicCentimeter	core volume of the section",,,,,,,,,,,
"# gravel_free_bulk_density	gramsPerCubicCentimeter	bulk density of the gravel free portion of the soil (gravel >4 mm	removed)",,,,,,,,,,,
"# total_bulk_density	gramsPerCubicCentimeter	bulk density (including any gravel)",,,,,,,,,,,
"# gravel_weight_g	gram	",,,,,,,,,,,
"# comments		any observations relating to this core",,,,,,,,,,,
#,,,,,,,,,,,
#,,,,,,,,,,,
#        DATA TABLE CORRECTIONS AND COMMENTS,,,,,,,,,,,
#2019-1-16 Sven Bohm. For the 2013 samples the dry weights were incorrectly calculated as wet * (1-moisture) when it should have been wet /(1+moisture) . The error has been corrected.,,,,,,,,,,,
#2019-1-18 Sven Bohm. re include the gravel free bulk density in the output.,,,,,,,,,,,
#2019-6-25. Sven Bohm. The 2001 samples mistakenly used the tube diameter instead of the cutting head diameter to calculate  the volume for the bulk density, The tube diameter was 6.6 cm while the cutting head diameter as 6 cm . This resulted in much lower bulk densities (since the volume was bigger) The error has been corrected.,,,,,,,,,,
#2021-10-19 Sven Bohm. Embargoed 2013 data at Phil's request.,,,,,,,,,,,
#,,,,,,,,,,,
#,,,,,,centimeter,cubicCentimeter,gramsPerCubicCentimeter,gramsPerCubicCentimeter,gram,
year,treatment,replicate,station,core,section,horizon_length,core_volume_cm3,gravel_free_bulk_density,total_bulk_density,gravel_weight_g,comments
2001,T3,R4,S4,1,Deep,0,0,,,,no D profile
2001,T3,R4,S4,2,Deep,0,0,,,,
2001,T1,R1,S1,1,Surface,27,763.41,1.13,1.17,36.56,
2001,T1,R1,S1,1,Middle,18,508.94,1.76,1.83,36.58,
2001,T1,R1,S1,1,Deep,55,1555.09,1.66,1.83,256.87,
2001,T1,R1,S1,2,Surface,23,650.31,1.7,1.74,21.22,
2001,T1,R1,S1,2,Middle,15,424.12,1.8,1.82,10.11,
2001,T1,R1,S1,2,Deep,62,1753.01,1.65,1.79,240.45,
2001,T1,R1,S2,1,Surface,22,622.04,1.69,1.78,56.46,
2001,T1,R1,S2,1,Middle,30,848.23,1.71,1.88,141.28,
2001,T1,R1,S2,1,Deep,48,1357.17,1.74,1.9,215.5,
2001,T1,R1,S2,2,Surface,15,424.12,1.71,1.79,36.86,* depth adjusted from 17 cm to 15 cm
2001,T1,R1,S2,2,Middle,18,508.94,1.7,1.77,33.8,
2001,T1,R1,S2,2,Deep,67,1894.38,1.77,1.88,209.03,
2001,T1,R1,S3,1,Surface,31,876.5,1.63,1.71,69.48,
2001,T1,R1,S3,1,Middle,39,1102.7,1.77,1.83,67.79,
2001,T1,R1,S3,1,Deep,30,848.23,1.64,1.84,174.16,fungi
2001,T1,R1,S3,2,Surface,22,226.19,1.46,1.52,12.89,
2001,T1,R1,S3,2,Middle,25,254.47,1.71,1.96,65.6,
2001,T1,R1,S3,2,Deep,53,1498.54,1.67,1.77,156.42,
2001,T1,R1,S4,1,Surface,22,622.04,1.54,1.69,91.84,  * changed from 24 cm to 22based on hue and texture
2001,T1,R1,S4,1,Middle,36,735.13,1.76,1.81,35.76,
2001,T1,R1,S4,1,Deep,41,1159.25,1.38,1.81,492.6,a small gap at end
2001,T1,R1,S4,2,Surface,30,848.23,1.73,1.85,95.28,
2001,T1,R1,S4,2,Middle,33,933.05,1.66,1.75,84.6,
2001,T1,R1,S4,2,Deep,37,1046.15,1.67,1.94,278.22,
2001,T1,R1,S5,1,Surface,24,678.58,1.46,1.49,24.91,
2001,T1,R1,S5,1,Middle,42,1187.52,1.72,1.77,62.9,
2001,T1,R1,S5,1,Deep,34,961.33,1.79,1.99,197.4,
2001,T1,R1,S5,2,Surface,26,735.13,1.63,1.65,16.06,
2001,T1,R1,S5,2,Middle,24,678.58,1.69,1.76,45.34,
2001,T1,R1,S5,2,Deep,50,1413.72,1.64,1.92,397.92,
2001,T1,R2,S1,1,Surface,13,367.57,1.37,1.39,9.35,
2001,T1,R2,S1,1,Middle,54,1526.81,1.66,1.77,167.24,
2001,T1,R2,S1,1,Deep,33,933.05,1.63,1.97,319.19,
2001,T1,R2,S1,2,Surface,12,339.29,1.61,1.64,9.64,
2001,T1,R2,S1,2,Middle,39,1102.7,1.73,1.81,87.68,
2001,T1,R2,S1,2,Deep,49,1385.44,1.81,1.99,249.79,
2001,T1,R2,S2,1,Surface,9,254.47,1.34,1.38,10.23,
2001,T1,R2,S2,1,Middle,60,1696.46,1.57,1.71,237.83,
2001,T1,R2,S2,1,Deep,31,876.5,1.77,1.94,154.62,
2001,T1,R2,S2,2,Surface,12,339.29,1.31,1.43,40.45,
2001,T1,R2,S2,2,Middle,50,1413.72,1.61,1.71,133.64,
2001,T1,R2,S2,2,Deep,38,1074.42,1.79,1.9,123.48,
2001,T1,R2,S3,1,Surface,11,311.02,1.52,1.63,32.59,
2001,T1,R2,S3,1,Middle,50,1413.72,1.5,1.65,214.65,
2001,T1,R2,S3,1,Deep,39,1102.7,1.75,1.86,119.12,
2001,T1,R2,S3,2,Surface,10,282.74,1.51,1.53,7.21,
2001,T1,R2,S3,2,Middle,31,876.5,1.64,1.66,21.93,
2001,T1,R2,S3,2,Deep,59,1668.19,1.53,1.82,487.37,
2001,T1,R2,S4,1,Surface,12,339.29,1.37,1.52,49.35,
2001,T1,R2,S4,1,Middle,48,1357.17,1.63,1.66,31.67,
2001,T1,R2,S4,1,Deep,40,1130.97,1.58,1.93,399.59,
2001,T1,R2,S4,2,Surface,11,311.02,1.55,1.6,15.32,
2001,T1,R2,S4,2,Middle,44,1244.07,1.63,1.76,164.41,
2001,T1,R2,S4,2,Deep,45,1272.35,1.78,2.01,294.73,
2001,T1,R2,S5,1,Surface,11,311.02,1.17,1.32,45.99,
2001,T1,R2,S5,1,Middle,37,1046.15,1.62,1.69,68.3,
2001,T1,R2,S5,1,Deep,52,1470.27,1.51,1.82,454,
2001,T1,R2,S5,2,Surface,9,254.47,1.08,1.15,17.89,
2001,T1,R2,S5,2,Middle,50,1413.72,1.65,1.74,133.81,
2001,T1,R2,S5,2,Deep,37,1046.15,1.41,1.79,391.55,
2001,T1,R3,S1,1,Surface,14,395.84,1.51,1.68,66.98,
2001,T1,R3,S1,1,Middle,45,1272.35,1.72,1.81,107.53,
2001,T1,R3,S1,1,Deep,41,1159.25,1.76,1.76,1.74,
2001,T1,R3,S1,2,Surface,18,508.94,1.63,1.71,41.72,
2001,T1,R3,S1,2,Middle,15,424.12,1.46,1.75,122.63,
2001,T1,R3,S1,2,Deep,67,1894.38,1.7,1.8,200.68,
2001,T1,R3,S2,1,Surface,21,593.76,1.55,1.6,31.72,* hor depth chaned based on conv. w/ Dr. M
2001,T1,R3,S2,1,Middle,38,1074.42,1.7,1.85,159.73,
2001,T1,R3,S2,1,Deep,41,1159.25,1.68,1.79,129.54,
2001,T1,R3,S2,2,Surface,10,282.74,1.43,1.46,10.15,
2001,T1,R3,S2,2,Middle,46,1300.62,1.72,1.77,68.96,
2001,T1,R3,S2,2,Deep,44,1244.07,1.79,1.89,112.81,
2001,T1,R3,S3,1,Surface,12,339.29,1.47,1.47,0.83,fungi
2001,T1,R3,S3,1,Middle,46,1300.62,1.52,1.52,4.01,hyphae filaments?
2001,T1,R3,S3,1,Deep,42,1187.52,1.53,1.7,209.98,fungi
2001,T1,R3,S3,2,Surface,17,480.66,1.34,1.35,2.6,
2001,T1,R3,S3,2,Middle,53,1498.54,1.4,1.4,4.54,
2001,T1,R3,S3,2,Deep,30,848.23,1.8,1.84,28.46,fungi
2001,T1,R3,S4,1,Surface,21,593.76,1.34,1.4,38.16,fungi
2001,T1,R3,S4,1,Middle,47,1328.89,1.53,1.63,122.53,
2001,T1,R3,S4,1,Deep,32,904.78,1.41,1.64,206.22,
2001,T1,R3,S4,2,Surface,16,452.39,1.44,1.46,8.22,
2001,T1,R3,S4,2,Middle,58,1639.91,1.46,1.59,208.58,
2001,T1,R3,S4,2,Deep,26,735.13,1.54,1.88,246.9,
2001,T1,R3,S5,1,Surface,18,508.94,1.38,1.38,1.5,fungal growth
2001,T1,R3,S5,1,Middle,46,1300.62,1.49,1.5,8.24,
2001,T1,R3,S5,1,Deep,36,1017.88,1.55,1.69,143.98,fungal growth
2001,T1,R3,S5,2,Surface,15,424.12,1.55,1.56,3.66,
2001,T1,R3,S5,2,Middle,52,1470.27,1.47,1.47,6.57,
2001,T1,R3,S5,2,Deep,33,933.05,1.57,1.8,210.88,fungal growth
2001,T1,R4,S1,1,Surface,25,706.86,1.54,1.61,47,
2001,T1,R4,S1,1,Middle,31,876.5,1.68,1.75,60.56,
2001,T1,R4,S1,1,Deep,44,1244.07,1.45,1.66,259.28,
2001,T1,R4,S1,2,Surface,26,735.13,1.57,1.61,27.47,
2001,T1,R4,S1,2,Middle,23,650.31,1.68,1.87,122.91,
2001,T1,R4,S1,2,Deep,51,1441.99,1.59,1.85,366.34,
2001,T1,R4,S2,1,Surface,25,706.86,1.56,1.61,30.61,
2001,T1,R4,S2,1,Middle,28,791.68,1.61,1.71,80.28,
2001,T1,R4,S2,1,Deep,47,1328.89,1.4,1.61,277.89,
2001,T1,R4,S2,2,Surface,34,961.33,1.4,1.44,41.26,
2001,T1,R4,S2,2,Middle,29,819.96,1.53,1.74,177.05,
2001,T1,R4,S2,2,Deep,37,1046.15,1.52,1.82,312.49,
2001,T1,R4,S3,1,Surface,26,735.13,1.56,1.59,17.55,
2001,T1,R4,S3,1,Middle,29,819.96,1.71,1.77,48.69,
2001,T1,R4,S3,1,Deep,45,1272.35,1.37,1.64,353.41,
2001,T1,R4,S3,2,Surface,24,678.58,1.56,1.58,8.73,
2001,T1,R4,S3,2,Middle,38,1074.42,1.72,1.77,56.41,
2001,T1,R4,S3,2,Deep,38,1074.42,1.54,1.82,303.31,
2001,T1,R4,S4,1,Surface,22,622.04,1.59,1.62,15.88,
2001,T1,R4,S4,1,Middle,50,1413.72,1.7,1.79,130.46,
2001,T1,R4,S4,1,Deep,28,791.68,1.55,1.86,244.59,
2001,T1,R4,S4,2,Surface,25,706.86,1.57,1.59,17.27,
2001,T1,R4,S4,2,Middle,45,1272.35,1.79,1.87,101.92,
2001,T1,R4,S4,2,Deep,30,848.23,1.69,1.82,111.5,
2001,T1,R4,S5,1,Surface,28,791.68,1.58,1.62,30.6,
2001,T1,R4,S5,1,Middle,42,1187.52,1.67,1.79,150.89,
2001,T1,R4,S5,1,Deep,30,848.23,1.59,1.8,174.24,
2001,T1,R4,S5,2,Surface,25,706.86,1.56,1.59,20.22,
2001,T1,R4,S5,2,Middle,75,2120.58,1.6,1.76,326.6,
2001,T1,R4,S5,2,Deep,0,0,,,,no deep profile
2001,T1,R5,S1,1,Surface,18,508.94,1.64,1.72,37.2,
2001,T1,R5,S1,1,Middle,18,254.47,1.68,1.69,3.68,
2001,T1,R5,S1,1,Deep,64,1809.56,1.68,1.82,237.97,
2001,T1,R5,S1,2,Surface,22,622.04,1.61,1.62,11.42,
2001,T1,R5,S1,2,Middle,25,508.94,1.72,1.73,7,
2001,T1,R5,S1,2,Deep,53,1498.54,1.7,1.78,133.92,
2001,T1,R5,S2,1,Surface,18,508.94,1.79,1.87,40.36,
2001,T1,R5,S2,1,Middle,24,678.58,1.79,1.82,22.42,
2001,T1,R5,S2,1,Deep,58,1639.91,1.7,1.84,231.86,
2001,T1,R5,S2,2,Surface,17,480.66,1.73,1.75,7.23,fungi
2001,T1,R5,S2,2,Middle,35,650.31,1.78,1.84,35.39,
2001,T1,R5,S2,2,Deep,48,1357.17,1.5,1.76,346.04,
2001,T1,R5,S3,1,Surface,20,565.49,1.79,1.83,20.09,fungi
2001,T1,R5,S3,1,Middle,27,763.41,1.77,1.82,38.36,
2001,T1,R5,S3,1,Deep,53,1498.54,1.67,1.84,250.99,
2001,T1,R5,S3,2,Surface,23,650.31,1.73,1.77,29.03,
2001,T1,R5,S3,2,Middle,35,763.41,1.6,1.8,151.77,
2001,T1,R5,S3,2,Deep,42,1187.52,1.64,1.81,210.94,
2001,T1,R5,S4,1,Surface,18,508.94,1.6,1.81,108.21,
2001,T1,R5,S4,1,Deep,66,1866.11,1.48,1.7,402.85,
2001,T1,R5,S4,2,Surface,16,452.39,1.76,1.78,12.22,
2001,T1,R5,S4,2,Middle,29,819.96,1.68,1.82,109.09,
2001,T1,R5,S4,2,Deep,55,1555.09,1.44,1.7,404.91,
2001,T1,R5,S5,1,Surface,18,508.94,1.59,1.63,18.62,
2001,T1,R5,S5,1,Middle,36,1017.88,1.65,1.72,78.22,
2001,T1,R5,S5,1,Deep,46,904.78,1.47,1.81,307.16,
2001,T1,R5,S5,2,Surface,20,565.49,1.54,1.56,8.36,
2001,T1,R5,S5,2,Middle,32,593.76,1.53,1.6,37.63,
2001,T1,R5,S5,2,Deep,48,1357.17,1.44,1.69,347.69,
2001,T1,R6,S1,1,Surface,27,763.41,1.7,1.72,20.42,
2001,T1,R6,S1,1,Middle,22,622.04,1.9,1.92,11.33,
2001,T1,R6,S1,1,Deep,51,1441.99,1.74,1.75,17.04,
2001,T1,R6,S1,2,Surface,21,593.76,1.74,1.78,22.29,
2001,T1,R6,S1,2,Middle,49,1385.44,1.93,1.97,60.08,
2001,T1,R6,S1,2,Deep,30,848.23,1.8,1.88,72.78,fungal growth
2001,T1,R6,S2,1,Surface,22,622.04,1.75,1.8,30.31,fungal growth
2001,T1,R6,S2,1,Middle,55,1555.09,1.86,1.98,186.27,sandy
2001,T1,R6,S2,1,Deep,23,650.31,1.51,1.53,10.17,
2001,T1,R6,S2,2,Surface,20,565.49,1.68,1.76,45.23,
2001,T1,R6,S2,2,Deep,45,1272.35,1.72,1.86,180.86,fungal growth/ shavings
2001,T1,R6,S3,1,Surface,25,706.86,1.74,1.81,52.92,
2001,T1,R6,S3,1,Middle,54,1526.81,1.8,1.95,218.78,sandy
2001,T1,R6,S3,2,Surface,23,650.31,1.71,1.79,52.58,fungal growth
2001,T1,R6,S3,2,Middle,42,1187.52,1.58,1.61,38.81,
2001,T1,R6,S3,2,Deep,35,989.6,1.48,1.54,58.19,fungal growth
2001,T1,R6,S4,1,Surface,24,678.58,1.62,1.66,27.77,measured = 23 andnot 24
2001,T1,R6,S4,1,Middle,36,1017.88,1.7,1.73,31.25,
2001,T1,R6,S4,1,Deep,40,1130.97,1.82,1.87,64.84,
2001,T1,R6,S4,2,Surface,23,650.31,1.76,1.81,32.13,
2001,T1,R6,S4,2,Deep,59,1668.19,1.75,1.77,39.98,
2001,T1,R6,S5,1,Surface,34,961.33,1.57,1.61,36.9,
2001,T1,R6,S5,1,Middle,26,735.13,1.87,1.91,32.36,sandy
2001,T1,R6,S5,1,Deep,40,1130.97,1.74,1.74,4.58,
2001,T1,R6,S5,2,Surface,27,763.41,1.83,1.92,68.87,fungalgrowth
2001,T1,R6,S5,2,Middle,25,706.86,1.92,1.97,34.48,
2001,T1,R6,S5,2,Deep,48,1357.17,1.89,1.89,4.68,
2001,T2,R1,S1,1,Surface,23,650.31,1.59,1.63,23.03,
2001,T2,R1,S1,1,Middle,40,1130.97,1.71,1.8,93.72,incorrectly written down depth should be 63 cm not 53 cm/ shavings
2001,T2,R1,S1,1,Deep,37,1046.15,1.75,1.84,98.74,shavings
2001,T2,R1,S1,2,Surface,27,763.41,1.5,1.54,26.03,
2001,T2,R1,S1,2,Middle,38,1074.42,1.69,1.77,95.79,
2001,T2,R1,S1,2,Deep,35,989.6,1.66,1.8,142.65,
2001,T2,R1,S2,1,Surface,20,565.49,1.71,1.77,33.83,
2001,T2,R1,S2,1,Middle,17,480.66,1.68,1.77,43.73,charcoal?
2001,T2,R1,S2,1,Deep,63,1781.28,1.69,1.77,141.84,
2001,T2,R1,S2,2,Surface,20,565.49,1.59,1.63,22.39,depth incorrect on the original data sheet
2001,T2,R1,S2,2,Middle,28,791.68,1.68,1.71,28.44,
2001,T2,R1,S2,2,Deep,52,1470.27,1.59,1.8,313.01,
2001,T2,R1,S3,1,Surface,21,593.76,1.66,1.75,50.5,
2001,T2,R1,S3,1,Middle,23,650.31,1.69,1.79,61.54,
2001,T2,R1,S3,1,Deep,56,1583.36,1.67,1.81,231.12,
2001,T2,R1,S3,2,Surface,19,537.21,1.69,1.76,38.51,
2001,T2,R1,S3,2,Middle,37,1046.15,1.63,1.73,104.49,
2001,T2,R1,S3,2,Deep,44,1244.07,1.73,1.92,229.04,
2001,T2,R1,S4,1,Surface,26,735.13,1.47,1.5,22.29,little shavings
2001,T2,R1,S4,1,Middle,32,904.78,1.65,1.72,59.01,
2001,T2,R1,S4,1,Deep,42,1187.52,1.72,1.91,234.57,
2001,T2,R1,S4,2,Surface,25,339.29,1.62,1.63,2.55,shavings
2001,T2,R1,S4,2,Middle,36,1017.88,1.64,1.71,68.84,
2001,T2,R1,S4,2,Deep,39,1102.7,1.68,1.92,262.4,
2001,T2,R1,S5,1,Surface,22,622.04,1.65,1.69,23.98,
2001,T2,R1,S5,1,Middle,26,735.13,1.65,1.69,27.29,
2001,T2,R1,S5,1,Deep,52,1470.27,1.74,1.87,195.78,
2001,T2,R1,S5,2,Surface,25,706.86,1.66,1.71,37.36,
2001,T2,R1,S5,2,Middle,28,791.68,1.64,1.68,33.73,
2001,T2,R1,S5,2,Deep,47,1328.89,1.82,1.9,99.57,
2001,T2,R2,S1,1,Surface,21,593.76,1.55,1.62,43.04,
2001,T2,R2,S1,1,Middle,39,1102.7,1.77,1.8,31.96,
2001,T2,R2,S1,1,Deep,40,1130.97,1.62,1.76,157.22,
2001,T2,R2,S1,2,Surface,21,593.76,1.71,1.73,9.36,
2001,T2,R2,S1,2,Middle,37,1046.15,1.76,1.82,57.21,
2001,T2,R2,S1,2,Deep,42,1187.52,1.73,1.87,168.05,
2001,T2,R2,S2,1,Surface,20,565.49,1.52,1.64,72.65,fungi
2001,T2,R2,S2,1,Middle,14,395.84,1.42,1.76,133.19,
2001,T2,R2,S2,1,Deep,66,1866.11,1.67,1.87,373.18,
2001,T2,R2,S2,2,Surface,7,197.92,1.42,1.49,13.68,fungi
2001,T2,R2,S2,2,Middle,36,1017.88,1.44,1.75,313.91,
2001,T2,R2,S2,2,Deep,57,1611.64,1.81,1.93,202.37,
2001,T2,R2,S3,1,Surface,21,593.76,1.59,1.62,18.19,
2001,T2,R2,S3,1,Middle,25,706.86,1.88,1.92,24.58,changed from 57 cm to 46 cm
2001,T2,R2,S3,1,Deep,54,1526.81,1.42,1.73,469.61,
2001,T2,R2,S3,2,Surface,22,622.04,1.56,1.59,18.65,
2001,T2,R2,S3,2,Middle,37,1046.15,1.72,1.76,41.26,
2001,T2,R2,S3,2,Deep,41,1159.25,1.42,1.79,435.8,
2001,T2,R2,S4,1,Surface,15,424.12,1.59,1.61,6.89,
2001,T2,R2,S4,1,Middle,50,1413.72,1.67,1.73,93.95,
2001,T2,R2,S4,1,Deep,35,989.6,1.43,1.75,315.95,
2001,T2,R2,S4,2,Surface,26,735.13,1.68,1.71,20.32,
2001,T2,R2,S4,2,Middle,56,1272.35,1.83,1.92,112.9,
2001,T2,R2,S4,2,Deep,18,508.94,1.56,2.08,259.9,
2001,T2,R2,S5,1,Surface,20,565.49,1.66,1.71,25.63,
2001,T2,R2,S5,1,Middle,27,763.41,1.63,1.67,26.83,
2001,T2,R2,S5,1,Deep,49,1385.44,1.7,1.87,238.39,compressed
2001,T2,R2,S5,2,Middle,34,961.33,1.58,1.67,89.2,
2001,T2,R2,S5,2,Deep,42,1187.52,1.85,1.96,131.91,compressed
2001,T2,R3,S1,1,Surface,18,508.94,1.49,1.51,7.9,
2001,T2,R3,S1,1,Middle,46,1300.62,1.59,1.69,128,
2001,T2,R3,S1,1,Deep,36,1017.88,1.68,1.92,252.51,
2001,T2,R3,S1,2,Surface,16,452.39,1.45,1.51,24.06,fungi
2001,T2,R3,S1,2,Middle,40,1130.97,1.56,1.67,123.62,fungi
2001,T2,R3,S1,2,Deep,44,1244.07,1.55,1.85,364.6,
2001,T2,R3,S2,1,Surface,10,282.74,1.28,1.61,92.37,
2001,T2,R3,S2,1,Middle,53,1498.54,1.64,1.68,61.59,
2001,T2,R3,S2,1,Deep,37,1046.15,1.55,1.9,368.05,
2001,T2,R3,S2,2,Surface,13,367.57,1.22,1.23,6.58,
2001,T2,R3,S2,2,Middle,47,1328.89,1.63,1.66,43.07,
2001,T2,R3,S2,2,Deep,40,1130.97,1.59,1.87,318.49,
2001,T2,R3,S3,1,Surface,20,565.49,1.42,1.44,13.66,
2001,T2,R3,S3,1,Middle,47,1328.89,1.59,1.75,210.6,
2001,T2,R3,S3,1,Deep,33,933.05,1.66,1.87,196.82,
2001,T2,R3,S3,2,Surface,19,537.21,1.53,1.59,32.21,
2001,T2,R3,S3,2,Middle,68,1922.65,1.79,1.85,111.85,
2001,T2,R3,S3,2,Deep,13,367.57,1.19,1.89,257.92,
2001,T2,R3,S4,1,Surface,20,565.49,1.4,1.47,42.91,
2001,T2,R3,S4,1,Middle,51,395.84,1.42,1.46,17.6,
2001,T2,R3,S4,1,Deep,29,819.96,1.81,1.86,39.33,
2001,T2,R3,S4,2,Surface,18,508.94,1.36,1.38,13.96,
2001,T2,R3,S4,2,Middle,58,1639.91,1.61,1.7,151.71,
2001,T2,R3,S4,2,Deep,24,678.58,1.61,1.83,150.6,
2001,T2,R3,S5,1,Surface,18,508.94,1.49,1.49,1.64,
2001,T2,R3,S5,1,Middle,34,961.33,1.55,1.66,105.26,
2001,T2,R3,S5,1,Deep,48,1357.17,1.61,1.84,311.38,
2001,T2,R3,S5,2,Surface,20,565.49,1.34,1.44,51.36,
2001,T2,R3,S5,2,Middle,35,339.29,1.77,1.92,52.2,
2001,T2,R3,S5,2,Deep,45,1272.35,1.58,1.85,339.58,
2001,T2,R4,S1,1,Surface,25,706.86,1.59,1.6,6.98,fungal growth/mildew?
2001,T2,R4,S1,1,Middle,30,848.23,1.61,1.69,64.28,
2001,T2,R4,S1,1,Deep,45,1272.35,1.69,1.94,312.93,fungal growth
2001,T2,R4,S1,2,Surface,25,706.86,1.5,1.53,22.48,fungal growth
2001,T2,R4,S1,2,Middle,31,876.5,1.57,1.7,115.91,
2001,T2,R4,S1,2,Deep,44,1244.07,1.59,1.82,296.15,
2001,T2,R4,S2,1,Surface,26,735.13,1.59,1.63,31.19,fungal growth
2001,T2,R4,S2,1,Middle,40,1130.97,1.52,1.74,252.05,
2001,T2,R4,S2,1,Deep,34,961.33,1.55,1.85,286.53,
2001,T2,R4,S2,2,Surface,27,763.41,1.52,1.55,22.54,fungal growth
2001,T2,R4,S2,2,Middle,21,593.76,1.54,1.66,73.13,
2001,T2,R4,S2,2,Deep,52,1470.27,1.36,1.75,570.29,
2001,T2,R4,S3,1,Surface,21,593.76,1.6,1.62,14.12,fungal growth
2001,T2,R4,S3,1,Middle,17,480.66,1.71,1.77,26.68,
2001,T2,R4,S3,1,Deep,62,1300.62,1.7,1.94,313.42,
2001,T2,R4,S3,2,Surface,18,508.94,1.52,1.57,28.71,
2001,T2,R4,S3,2,Middle,27,763.41,1.59,1.7,79.24,may have had a 5cm E hor.
2001,T2,R4,S3,2,Deep,55,1555.09,1.65,1.8,227.02,
2001,T2,R4,S4,1,Surface,27,763.41,1.51,1.52,3.6,FUNGAL GROWTH/ one black chunk
2001,T3,R2,S3,1,Middle,52,1470.27,1.69,1.77,116.53,
2001,T2,R4,S4,1,Middle,62,1753.01,1.63,1.71,146.6,one small piece of charcoal?
2001,T2,R4,S4,1,Deep,11,311.02,1.86,1.97,36.26,FUNGAL GROWTH/ 
2001,T2,R4,S4,2,Surface,13,367.57,1.58,1.6,6.48,fungal growth
2001,T2,R4,S4,2,Middle,62,1753.01,1.61,1.66,72.59,"worm not included (2.7), created a 3mm wide tunnel(the length of profile)/ small area w/ black chunks from 20to 40 cm"
2001,T2,R4,S4,2,Deep,25,706.86,1.71,1.76,35.62,
2001,T2,R4,S5,1,Surface,16,452.39,1.52,1.53,7.64,fungal growth
2001,T2,R4,S5,1,Middle,63,1781.28,1.62,1.71,147.39,
2001,T2,R4,S5,1,Deep,21,593.76,1.5,1.9,236.7,fungal growth
2001,T2,R4,S5,2,Surface,11,311.02,1.44,1.46,5.99,* change from the original breaks/ fungal growth
2001,T2,R4,S5,2,Middle,53,1498.54,1.63,1.65,38.24,
2001,T2,R4,S5,2,Deep,36,1017.88,1.63,1.93,314.23,fungal growth/ little OM
2001,T2,R5,S1,1,Surface,11,311.02,1.37,1.55,54.99,
2001,T2,R5,S1,1,Middle,21,593.76,1.63,1.78,86.59,
2001,T2,R5,S1,1,Deep,68,1922.65,1.56,1.77,393.08,
2001,T2,R5,S1,2,Surface,21,593.76,1.62,1.78,94.35,
2001,T2,R5,S1,2,Middle,24,678.58,1.54,1.86,218.09,
2001,T2,R5,S1,2,Deep,55,1555.09,1.53,1.72,306.52,* actual  length 53 cm (comp at end)
2001,T2,R5,S2,1,Surface,21,254.47,1.46,1.64,46.02,fungi
2001,T2,R5,S2,1,Middle,31,876.5,1.57,1.82,218.64,
2001,T2,R5,S2,1,Deep,48,1357.17,1.7,1.93,319.64,
2001,T2,R5,S2,2,Middle,38,650.31,1.41,1.65,153.55,
2001,T2,R5,S2,2,Deep,50,1413.72,1.67,1.85,254.61,
2001,T2,R5,S3,1,Surface,22,622.04,1.36,1.6,149.7,fungi
2001,T2,R5,S3,1,Middle,36,791.68,1.35,1.58,175.81,
2001,T2,R5,S3,1,Deep,42,1187.52,1.48,1.8,380.51,
2001,T2,R5,S3,2,Surface,19,537.21,1.48,1.85,198.23,
2001,T2,R5,S3,2,Middle,38,1074.42,1.18,1.74,607.78,
2001,T2,R5,S3,2,Deep,43,961.33,1.52,1.74,209.61,* not comp
2001,T2,R5,S4,1,Surface,23,650.31,1.5,1.53,21.14,fungi
2001,T2,R5,S4,1,Middle,39,1102.7,1.65,1.7,55.78,
2001,T2,R5,S4,1,Deep,38,1074.42,1.56,1.73,178.8,
2001,T2,R5,S4,2,Surface,23,650.31,1.59,1.6,6.38,
2001,T2,R5,S4,2,Middle,36,1017.88,1.67,1.71,32.93,some black material
2001,T2,R5,S4,2,Deep,41,1159.25,1.69,1.86,197.65,
2001,T2,R5,S5,1,Surface,25,480.66,1.51,1.57,29.78,
2001,T2,R5,S5,1,Middle,42,1187.52,1.39,1.69,352.67,
2001,T2,R5,S5,1,Deep,33,933.05,1.44,1.79,327.68,
2001,T2,R5,S5,2,Surface,24,565.49,1.39,1.75,203.9,
2001,T2,R5,S5,2,Middle,48,1017.88,1.68,1.9,221.46,
2001,T2,R5,S5,2,Deep,26,735.13,1.3,1.52,157.26,* the end of hor. is actually 98 not 95
2001,T2,R6,S1,1,Surface,21,593.76,1.68,1.71,16.58,
2001,T2,R6,S1,1,Middle,25,706.86,1.66,1.73,50.71,
2001,T2,R6,S1,1,Deep,54,1526.81,1.79,1.88,137.27,
2001,T2,R6,S1,2,Surface,22,622.04,1.63,1.67,22.96,fungal growth
2001,T2,R6,S1,2,Middle,29,819.96,1.71,1.83,95.82,
2001,T2,R6,S1,2,Deep,49,1385.44,1.59,1.7,152.86,black chunks- decaying OM?
2001,T2,R6,S2,1,Surface,26,735.13,1.54,1.58,24.53,fungal growth
2001,T2,R6,S2,1,Middle,36,1017.88,1.77,1.84,74.75,
2001,T2,R6,S2,1,Deep,38,1074.42,1.81,1.86,52.44,
2001,T2,R6,S2,2,Surface,25,706.86,1.49,1.53,29.08,
2001,T2,R6,S2,2,Middle,56,1583.36,1.7,1.82,198.14,
2001,T2,R6,S2,2,Deep,19,537.21,1.58,1.81,126.87,
2001,T2,R6,S3,1,Surface,22,622.04,1.57,1.61,22.72,
2001,T2,R6,S3,1,Middle,27,763.41,1.67,1.79,92.11,
2001,T2,R6,S3,1,Deep,51,1441.99,1.66,1.79,184.98,
2001,T2,R6,S3,2,Surface,21,593.76,1.65,1.68,20.31,
2001,T2,R6,S3,2,Middle,32,904.78,1.68,1.71,26.66,fungal growth
2001,T2,R6,S3,2,Deep,47,1328.89,1.81,1.9,114.98,
2001,T2,R6,S4,1,Surface,18,508.94,1.71,1.73,8.69,
2001,T2,R6,S4,1,Middle,36,1017.88,1.69,1.74,54.71,
2001,T2,R6,S4,1,Deep,46,1300.62,1.59,1.82,299.07,
2001,T2,R6,S4,2,Surface,24,678.58,1.7,1.75,35.58,
2001,T2,R6,S4,2,Middle,28,791.68,1.82,1.87,44.08,
2001,T2,R6,S4,2,Deep,48,1357.17,1.7,1.81,152.63,
2001,T2,R6,S5,1,Surface,28,791.68,1.6,1.67,53.61,
2001,T2,R6,S5,1,Middle,30,848.23,1.68,1.78,89.24,
2001,T2,R6,S5,1,Deep,42,1187.52,1.65,1.92,331.61,
2001,T2,R6,S5,2,Surface,27,763.41,1.73,1.81,62.41,fungal growth
2001,T2,R6,S5,2,Middle,46,1300.62,1.65,1.77,157.48,"fungal growth/ not finished processing, found black chunks (charcoal ?), in zip lock bags in freezer/ high clayâ€¦finished processing 4/7/03"
2001,T2,R6,S5,2,Deep,27,565.49,1.75,1.85,56.67,fungal growth
2001,T3,R1,S1,1,Surface,27,763.41,1.68,1.77,69.81,
2001,T3,R1,S1,1,Middle,23,650.31,1.77,1.85,52.02,
2001,T3,R1,S1,1,Deep,50,1413.72,1.67,1.91,329.92,
2001,T3,R1,S1,2,Surface,21,593.76,1.56,1.78,129.15,
2001,T3,R1,S1,2,Middle,28,791.68,1.56,1.78,175.03,
2001,T3,R1,S1,2,Deep,51,1441.99,1.72,1.89,256.19,
2001,T3,R1,S2,1,Surface,23,650.31,1.55,1.63,51.18,
2001,T3,R1,S2,1,Middle,12,339.29,1.62,1.86,82.25,
2001,T3,R1,S2,1,Deep,65,1837.83,1.84,1.92,146.06,fungal growth/ at the end some clay loam
2001,T3,R1,S2,2,Surface,19,537.21,1.63,1.75,65.54,
2001,T3,R1,S2,2,Middle,30,848.23,1.7,1.73,24.4,
2001,T3,R1,S2,2,Deep,51,1441.99,1.87,1.97,146,fungal growth/ at the end some clay
2001,T3,R1,S3,1,Surface,22,622.04,1.75,1.8,32.2,fungal growth
2001,T3,R1,S3,1,Middle,14,141.37,1.69,2.02,47.92,
2001,T3,R1,S3,1,Deep,64,1809.56,1.67,1.91,440.47,
2001,T3,R1,S3,2,Surface,22,622.04,1.73,1.78,33.72,
2001,T3,R1,S3,2,Middle,15,424.12,1.69,1.88,79.42,
2001,T3,R1,S3,2,Deep,63,1781.28,1.74,1.9,276.95,
2001,T3,R1,S4,1,Surface,37,1046.15,1.52,1.57,57.55,a  lot of fungal decay
2001,T3,R1,S4,1,Middle,33,933.05,1.86,1.92,61.09,
2001,T3,R1,S4,1,Deep,30,848.23,1.99,2.01,13.73,
2001,T3,R1,S4,2,Surface,24,678.58,1.5,1.55,34.18,
2001,T3,R1,S4,2,Middle,38,1074.42,1.63,1.75,130.42,
2001,T3,R1,S4,2,Deep,38,1074.42,1.67,1.82,170.99,
2001,T3,R1,S5,1,Surface,21,593.76,1.68,1.71,17.86,
2001,T3,R1,S5,1,Middle,28,791.68,1.76,1.86,77.78,
2001,T3,R1,S5,1,Deep,51,1441.99,1.69,1.98,419.78,
2001,T3,R1,S5,2,Surface,23,650.31,1.53,1.55,17.81,
2001,T3,R1,S5,2,Middle,35,989.6,1.73,1.86,130.93,
2001,T3,R1,S5,2,Deep,42,1187.52,1.73,1.85,144.82,
2001,T3,R2,S1,1,Surface,21,593.76,1.67,1.76,55.62,
2001,T3,R2,S1,1,Middle,54,1526.81,1.7,1.76,93.06,
2001,T3,R2,S1,1,Deep,25,706.86,1.73,1.78,33.27,
2001,T3,R2,S1,2,Surface,19,537.21,1.54,1.61,35.53,
2001,T3,R2,S1,2,Middle,29,819.96,1.85,1.91,52.18,
2001,T3,R2,S1,2,Deep,52,1470.27,1.83,1.84,13.48,
2001,T3,R2,S2,1,Surface,12,339.29,1.53,1.58,18.89,compacted to 96 cm
2001,T3,R2,S2,1,Middle,21,593.76,1.72,1.8,48.29,
2001,T3,R2,S2,1,Deep,63,1781.28,1.84,1.85,19.75,
2001,T3,R2,S2,2,Surface,18,508.94,1.54,1.6,32.94,
2001,T3,R2,S2,2,Middle,46,1300.62,1.68,1.73,73.48,
2001,T3,R2,S2,2,Deep,36,763.41,1.71,1.78,53.28,
2001,T3,R2,S3,1,Surface,10,282.74,1.38,1.59,57.96,
2001,T3,R2,S3,1,Deep,38,1074.42,1.59,1.75,177.97,
2001,T3,R2,S3,2,Surface,21,593.76,1.5,1.54,25.31,
2001,T3,R2,S3,2,Middle,10,282.74,1.45,1.59,40.27,
2001,T3,R2,S3,2,Deep,64,1809.56,1.63,1.87,430.26,
2001,T3,R2,S4,1,Surface,21,593.76,1.43,1.58,87.86,
2001,T3,R2,S4,1,Middle,30,848.23,1.76,1.83,53.47,
2001,T3,R2,S4,1,Deep,49,1385.44,1.48,1.51,37.6,
2001,T3,R2,S4,2,Surface,23,650.31,1.51,1.59,54.05,
2001,T3,R2,S4,2,Middle,49,1385.44,1.81,1.9,119.52,
2001,T3,R2,S4,2,Deep,28,791.68,1.65,1.71,49.69,
2001,T3,R2,S5,1,Surface,38,1074.42,1.54,1.56,19.97,fungi
2001,T3,R2,S5,1,Middle,28,565.49,1.69,1.87,100.96,changed from 71 to 66
2001,T3,R2,S5,1,Deep,34,961.33,1.66,1.84,178.61,fungi
2001,T3,R2,S5,2,Surface,37,1046.15,1.49,1.54,48.89,
2001,T3,R2,S5,2,Middle,27,763.41,1.63,1.74,83.43,
2001,T3,R2,S5,2,Deep,36,1017.88,1.58,1.81,232.5,
2001,T3,R3,S1,1,Surface,14,395.84,1.81,1.97,62.64,
2001,T3,R3,S1,1,Middle,67,1894.38,1.62,1.75,251.21,
2001,T3,R3,S1,1,Deep,19,537.21,1.69,1.88,98.75,
2001,T3,R3,S1,2,Surface,19,537.21,1.53,1.77,130.59,
2001,T3,R3,S1,2,Middle,63,1781.28,1.65,1.78,228.23,
2001,T3,R3,S1,2,Deep,18,508.94,1.46,1.8,171.48,
2001,T3,R3,S2,1,Surface,20,565.49,1.68,1.84,91.62,
2001,T3,R3,S2,1,Middle,60,1187.52,1.63,1.7,81.13,
2001,T3,R3,S2,1,Deep,20,565.49,1.5,1.88,217.25,
2001,T3,R3,S2,2,Surface,22,622.04,1.71,1.84,76.39,
2001,T3,R3,S2,2,Middle,58,1639.91,1.63,1.67,75.96,
2001,T3,R3,S2,2,Deep,20,565.49,1.5,1.92,236.74,
2001,T3,R3,S3,1,Surface,20,565.49,1.28,1.41,70.74,fungi
2001,T3,R3,S3,1,Middle,49,1385.44,1.53,1.71,246.84,
2001,T3,R3,S3,1,Deep,31,876.5,1.86,2.05,158.86,
2001,T3,R3,S3,2,Surface,9,254.47,1.58,2.04,118.67,
2001,T3,R3,S3,2,Middle,52,1470.27,1.49,1.71,317.42,
2001,T3,R3,S3,2,Deep,39,1102.7,1.83,1.9,87.99,
2001,T3,R3,S4,1,Surface,11,311.02,1.28,1.34,18.48,fungal growth
2001,T3,R3,S4,1,Middle,41,1159.25,1.57,1.69,130.93,from 11 to 18 looks like an E hor/ fungal growth
2001,T3,R3,S4,1,Deep,48,1357.17,1.56,1.78,295.84,
2001,T3,R3,S4,2,Surface,19,537.21,1.41,1.48,37.92,
2001,T3,R3,S4,2,Middle,47,706.86,1.79,1.88,61.25,
2001,T3,R3,S4,2,Deep,34,961.33,1.62,1.92,295.12,
2001,T3,R3,S5,1,Surface,22,622.04,1.46,1.69,143.37,changed Ap hor depth from 19 to 22 based on natural break (texture and color)
2001,T3,R3,S5,1,Middle,38,1074.42,1.25,1.7,480.54,
2001,T3,R3,S5,1,Deep,40,1130.97,1.78,1.91,155.46,
2001,T3,R3,S5,2,Surface,9,254.47,1.26,1.43,43.13,
2001,T3,R3,S5,2,Middle,33,933.05,1.26,1.77,475,
2001,T3,R3,S5,2,Deep,52,1470.27,1.65,2.07,616.53,compressed goes up to 94 cm
2001,T3,R4,S1,1,Surface,21,593.76,1.57,1.59,14.97,
2001,T3,R4,S1,1,Middle,33,933.05,1.52,1.67,141.12,
2001,T3,R4,S1,1,Deep,46,1300.62,1.65,1.84,249.41,
2001,T3,R4,S1,2,Surface,21,593.76,1.52,1.57,32.73,
2001,T3,R4,S1,2,Middle,36,1017.88,1.69,1.78,86.57,
2001,T3,R4,S1,2,Deep,43,1215.8,1.66,1.87,263.81,
2001,T3,R4,S2,1,Surface,24,678.58,1.48,1.5,18.49,
2001,T3,R4,S2,1,Middle,29,819.96,1.62,1.73,88.27,
2001,T3,R4,S2,1,Deep,47,1328.89,1.63,1.85,296.53,
2001,T3,R4,S2,2,Surface,13,169.65,1.62,1.63,2.18,changed Ap from 19 to 13 based on texture 
2001,T3,R4,S2,2,Middle,41,989.6,1.6,1.69,88.8,
2001,T3,R4,S2,2,Deep,46,1300.62,1.49,1.78,366.36,
2001,T3,R4,S3,1,Surface,21,593.76,1.4,1.45,29.07,fungi
2001,T3,R4,S3,1,Middle,38,1074.42,1.5,1.69,203.64,
2001,T3,R4,S3,1,Deep,41,791.68,1.42,1.86,347.81,
2001,T3,R4,S3,2,Surface,21,593.76,1.54,1.56,16.58,
2001,T3,R4,S3,2,Middle,32,904.78,1.42,1.69,245.19,
2001,T3,R4,S3,2,Deep,42,1187.52,1.49,1.83,397.98,comp
2001,T3,R4,S4,1,Surface,16,452.39,1.56,1.59,12.56,fungi
2001,T3,R4,S4,1,Middle,79,1498.54,1.52,1.68,252.14," compressed   the gap was in the middle of this profile, B.D has both E and Bt1hor"
2001,T3,R4,S4,2,Surface,19,537.21,1.47,1.49,10.43,
2001,T3,R4,S4,2,Middle,81,2290.22,1.35,1.69,762.09,no D profile
2001,T3,R4,S5,1,Surface,19,537.21,1.28,1.5,118.39,fungi
2001,T3,R4,S5,1,Middle,44,1244.07,1.49,1.69,248.23,
2001,T3,R4,S5,1,Deep,37,1046.15,1.51,1.84,342.39,
2001,T3,R4,S5,2,Surface,22,622.04,1.53,1.57,22.43,
2001,T3,R4,S5,2,Middle,28,791.68,1.47,1.74,210.84,
2001,T3,R4,S5,2,Deep,50,1074.42,1.79,1.86,74.33,
2001,T3,R5,S1,1,Surface,26,735.13,1.47,1.49,9.77,
2001,T3,R5,S1,1,Middle,46,1300.62,1.66,1.75,116.54,
2001,T3,R5,S1,1,Deep,28,791.68,1.76,1.85,73.33,
2001,T3,R5,S1,2,Surface,25,706.86,1.39,1.4,10.55,
2001,T3,R5,S1,2,Middle,45,1272.35,1.52,1.63,146.42,
2001,T3,R5,S1,2,Deep,30,848.23,1.69,1.78,81.58,
2001,T3,R5,S2,1,Surface,27,763.41,1.49,1.52,26.07,
2001,T3,R5,S2,1,Middle,37,1046.15,1.63,1.72,91.74,
2001,T3,R5,S2,1,Deep,36,1017.88,1.57,1.81,238.92,
2001,T3,R5,S2,2,Surface,26,735.13,1.6,1.62,16.63,
2001,T3,R5,S2,2,Middle,35,989.6,1.62,1.7,75.38,
2001,T3,R5,S2,2,Deep,34,961.33,1.51,1.86,339.14,compressed
2001,T3,R5,S3,1,Surface,27,763.41,1.46,1.51,40.8,
2001,T3,R5,S3,1,Middle,37,1046.15,1.58,1.71,134.42,
2001,T3,R5,S3,1,Deep,36,1017.88,1.58,1.88,306.31,
2001,T3,R5,S3,2,Surface,27,763.41,1.5,1.54,34.25,
2001,T3,R5,S3,2,Middle,38,1074.42,1.72,1.76,45.1,
2001,T3,R5,S3,2,Deep,35,989.6,1.64,1.91,262.9,
2001,T3,R5,S4,1,Surface,24,678.58,1.52,1.53,11.97,
2001,T3,R5,S4,1,Middle,57,1611.64,1.64,1.71,117.56,
2001,T3,R5,S4,1,Deep,19,537.21,1.67,1.84,88.46,
2001,T3,R5,S4,2,Surface,29,819.96,1.54,1.57,19.05,
2001,T3,R5,S4,2,Middle,43,1215.8,1.72,1.77,67.11,
2001,T3,R5,S4,2,Deep,28,791.68,1.78,1.98,151.57,
2001,T3,R5,S5,1,Surface,30,848.23,1.56,1.6,37.26,
2001,T3,R5,S5,1,Middle,25,706.86,1.52,1.7,128.74,
2001,T3,R5,S5,1,Deep,45,1272.35,1.64,1.86,280.49,
2001,T3,R5,S5,2,Surface,23,650.31,1.56,1.62,36.77,
2001,T3,R5,S5,2,Middle,37,1046.15,1.59,1.74,154.45,
2001,T3,R5,S5,2,Deep,40,1130.97,1.58,1.86,324.88,
2001,T3,R6,S1,1,Surface,19,537.21,1.44,1.45,7.51,fungal growth
2001,T3,R6,S1,1,Middle,35,989.6,1.51,1.52,19.65,
2001,T3,R6,S1,1,Deep,46,1300.62,1.76,1.79,34.13,fungal growth
2001,T3,R6,S1,2,Surface,19,537.21,1.48,1.49,5.92,fungal growth
2001,T3,R6,S1,2,Middle,39,1102.7,1.4,1.41,10.15,
2001,T3,R6,S1,2,Deep,42,1187.52,1.74,1.76,14.88,fungal growth
2001,T3,R6,S2,1,Surface,45,1272.35,1.62,1.65,40.34,fungal growth
2001,T3,R6,S2,1,Middle,39,1102.7,1.79,1.79,4.05,possibly tiny black chunks
2001,T3,R6,S2,1,Deep,16,452.39,1.85,1.87,10.71,
2001,T3,R6,S2,2,Surface,49,1385.44,1.62,1.65,38.71,
2001,T3,R6,S2,2,Middle,43,1215.8,1.65,1.66,10.97,
2001,T3,R6,S3,1,Surface,23,650.31,1.74,1.76,18.63,fungal growth
2001,T3,R6,S3,1,Middle,28,791.68,1.77,1.82,38.29,
2001,T3,R6,S3,1,Deep,49,1385.44,1.72,1.93,292.74,
2001,T3,R6,S3,2,Surface,25,706.86,1.55,1.6,34.15,fungal growth
2001,T3,R6,S3,2,Middle,25,706.86,1.83,1.87,30.59,
2001,T3,R6,S3,2,Deep,50,1413.72,1.71,1.77,89.3,
2001,T3,R6,S4,1,Surface,20,565.49,1.47,1.53,30.8,fungal growth
2001,T3,R6,S4,1,Middle,23,650.31,1.73,1.91,118.13,
2001,T3,R6,S4,1,Deep,57,1611.64,1.7,1.78,131.33,
2001,T3,R6,S4,2,Surface,21,593.76,1.54,1.61,41.48,
2001,T3,R6,S4,2,Middle,19,537.21,1.75,1.8,25.32,
2001,T3,R6,S4,2,Deep,60,1696.46,1.81,1.85,68.19,
2001,T3,R6,S5,1,Surface,23,650.31,1.46,1.53,42.71,fungal growth
2001,T3,R6,S5,1,Middle,29,819.96,1.8,1.83,20.79,
2001,T3,R6,S5,1,Deep,48,1357.17,1.77,1.85,109.71,
2001,T3,R6,S5,2,Surface,24,678.58,1.51,1.52,9.54,fungal growth
2001,T3,R6,S5,2,Middle,29,819.96,1.81,1.86,38.13,
2001,T3,R6,S5,2,Deep,47,1328.89,1.74,1.82,114.36,
2001,T4,R1,S1,1,Surface,26,735.13,1.45,1.54,66.3,changed depth from 19 to 26 based on coolor and texture/ fungi
2001,T4,R1,S1,1,Middle,20,565.49,1.49,1.65,90.32,
2001,T4,R1,S1,1,Deep,54,1244.07,1.47,1.84,461.34,
2001,T4,R1,S1,2,Surface,25,706.86,1.51,1.54,23.67,
2001,T4,R1,S1,2,Middle,25,706.86,1.58,1.61,18.41,
2001,T4,R1,S1,2,Deep,50,1413.72,1.47,1.76,408.51,
2001,T4,R1,S2,1,Surface,12,339.29,1.67,1.7,11.88,fungi
2001,T4,R1,S2,1,Middle,28,791.68,1.63,1.67,30.97,
2001,T4,R1,S2,1,Deep,56,1583.36,1.22,1.71,775.4,comp
2001,T4,R1,S2,2,Surface,23,650.31,1.58,1.73,95.44,fungi
2001,T4,R1,S2,2,Middle,29,819.96,1.84,1.93,78.54,
2001,T4,R1,S2,2,Deep,48,1046.15,1.5,1.83,346.06,this core isn't compressed and goes to depth of 100 cm
2001,T4,R1,S3,1,Surface,23,367.57,1.78,1.86,31.95,fungi
2001,T4,R1,S3,1,Middle,30,848.23,1.66,1.77,89.94,
2001,T4,R1,S3,1,Deep,47,904.78,1.21,1.76,500.99,this core isn't compressed and goes to depth of 100 cm but doesn't fill the entire circum of core at the end
2001,T4,R1,S3,2,Surface,25,706.86,1.75,1.78,23.39,
2001,T4,R1,S3,2,Middle,35,989.6,1.67,1.9,225.77,
2001,T4,R1,S3,2,Deep,33,933.05,1.47,1.82,323.82,comp
2001,T4,R1,S4,1,Surface,20,565.49,1.19,1.2,4.65,
2001,T4,R1,S4,1,Middle,64,1809.56,1.53,1.54,13.92,
2001,T4,R1,S4,1,Deep,16,452.39,1.59,1.61,10.89,
2001,T4,R1,S4,2,Surface,18,508.94,1.32,1.32,1.14,
2001,T4,R1,S4,2,Middle,76,2148.85,1.48,1.49,22.79,comp/fungi
2001,T4,R1,S4,2,Deep,0,0,,,,no D profile
2001,T4,R1,S5,1,Surface,23,650.31,1.82,1.92,60.09,
2001,T4,R1,S5,1,Middle,37,1046.15,1.43,1.8,381.83,
2001,T4,R1,S5,1,Deep,40,904.78,1.45,1.93,431.48,
2001,T4,R1,S5,2,Surface,23,650.31,1.73,1.81,52.77,
2001,T4,R1,S5,2,Middle,13,367.57,1.74,1.85,39.2,
2001,T4,R1,S5,2,Deep,59,1668.19,1.53,1.91,635.02,comp
2001,T4,R2,S1,1,Surface,20,565.49,1.49,1.53,23.99,
2001,T4,R2,S1,1,Middle,24,678.58,1.54,1.69,103.92,
2001,T4,R2,S1,1,Deep,56,1583.36,1.64,1.79,237.35,
2001,T4,R2,S1,2,Surface,20,565.49,1.41,1.64,131.1,
2001,T4,R2,S1,2,Middle,28,791.68,1.45,1.66,169.24,
2001,T4,R2,S1,2,Deep,52,1470.27,1.67,1.8,200.43,
2001,T4,R2,S2,1,Surface,21,593.76,1.65,1.68,16.43,
2001,T4,R2,S2,1,Middle,30,848.23,1.53,1.69,133.23,
2001,T4,R2,S2,1,Deep,49,1385.44,1.67,1.89,311.55,
2001,T4,R2,S2,2,Surface,24,678.58,1.63,1.68,34.56,
2001,T4,R2,S2,2,Middle,43,1215.8,1.79,1.86,89.97,
2001,T4,R2,S2,2,Deep,33,933.05,1.78,1.89,105.76,
2001,T4,R2,S3,1,Surface,18,508.94,1.52,1.6,39.28,
2001,T4,R2,S3,1,Middle,17,480.66,1.63,1.77,68.3,
2001,T4,R2,S3,1,Deep,65,1837.83,1.55,1.71,290.61,
2001,T4,R2,S3,2,Surface,23,650.31,1.48,1.59,67.36,
2001,T4,R2,S3,2,Middle,24,678.58,1.7,1.83,87.9,
2001,T4,R2,S3,2,Deep,53,1498.54,1.71,1.8,125.08,
2001,T4,R2,S4,1,Surface,18,508.94,1.39,1.42,16.94,
2001,T4,R2,S4,1,Middle,42,1187.52,1.68,1.74,71.81,
2001,T4,R2,S4,1,Deep,40,1130.97,1.55,1.82,301.33,
2001,T4,R2,S4,2,Surface,15,424.12,1.6,1.64,18.72,
2001,T4,R2,S4,2,Middle,52,1470.27,1.78,1.87,128.88,
2001,T4,R2,S4,2,Deep,33,933.05,1.42,1.77,321.12,
2001,T4,R2,S5,1,Surface,23,650.31,1.33,1.51,115.76,adjusted from 20 to 23cm/ fungi
2001,T4,R2,S5,1,Middle,33,933.05,1.67,1.75,72.3,
2001,T4,R2,S5,1,Deep,44,1244.07,1.45,1.78,411.82,
2001,T4,R2,S5,2,Surface,23,650.31,1.47,1.6,80.65,
2001,T4,R2,S5,2,Middle,33,933.05,1.61,1.83,210.41,
2001,T4,R2,S5,2,Deep,38,1074.42,1.37,1.75,413.12,compressed
2001,T4,R3,S1,1,Surface,18,508.94,1.57,1.6,11.81,
2001,T4,R3,S1,1,Middle,50,1413.72,1.64,1.71,97.5,
2001,T4,R3,S1,1,Deep,32,904.78,1.72,1.84,107.69,
2001,T4,R3,S1,2,Surface,23,650.31,1.45,1.48,17.52,
2001,T4,R3,S1,2,Middle,44,1244.07,1.65,1.77,143.51,
2001,T4,R3,S1,2,Deep,33,933.05,1.68,1.9,208.58,
2001,T4,R3,S2,1,Surface,12,339.29,1.19,1.21,6.67,
2001,T4,R3,S2,1,Middle,28,791.68,1.46,1.49,29.41,
2001,T4,R3,S2,1,Deep,60,1413.72,1.62,1.89,370.97,
2001,T4,R3,S2,2,Surface,17,480.66,1.31,1.33,9.75,fungal growth 
2001,T4,R3,S2,2,Middle,70,1979.2,1.53,1.73,380.38,
2001,T4,R3,S2,2,Deep,13,367.57,1.48,1.65,61.17,
2001,T4,R3,S3,1,Surface,17,480.66,1.41,1.46,22.12,
2001,T4,R3,S3,1,Middle,43,1215.8,1.53,1.67,169.94,
2001,T4,R3,S3,1,Deep,40,1130.97,1.69,1.88,215.33,
2001,T4,R3,S3,2,Surface,17,480.66,1.36,1.39,16.43,fungal growth 
2001,T4,R3,S3,2,Middle,62,1753.01,1.53,1.6,112.69,
2001,T4,R3,S3,2,Deep,21,593.76,1.66,1.8,80.32,
2001,T4,R3,S4,1,Surface,22,622.04,1.39,1.41,14.27,fungal growth 
2001,T4,R3,S4,1,Middle,38,1074.42,1.63,1.66,38.85,
2001,T4,R3,S4,1,Deep,40,1130.97,1.8,1.9,113.52,
2001,T4,R3,S4,2,Surface,20,565.49,1.47,1.5,13.54,fungal growth 
2001,T4,R3,S4,2,Middle,43,1215.8,1.63,1.67,41.85,
2001,T4,R3,S4,2,Deep,37,1046.15,1.75,1.91,169.82,
2001,T4,R3,S5,1,Surface,14,395.84,1.26,1.31,18.85,fungal growth 
2001,T4,R3,S5,1,Middle,45,1272.35,1.61,1.7,108.74,
2001,T4,R3,S5,1,Deep,41,1159.25,1.49,1.78,339.39,
2001,T4,R3,S5,2,Surface,17,480.66,1.37,1.42,21.14,fungal growth 
2001,T4,R3,S5,2,Middle,53,1498.54,1.61,1.69,122.14,
2001,T4,R3,S5,2,Deep,30,848.23,1.28,1.69,347.48,
2001,T4,R4,S1,1,Surface,10,282.74,1.61,1.65,12.14,
2001,T4,R4,S1,1,Middle,44,1244.07,1.6,1.67,87.27,
2001,T4,R4,S1,1,Deep,46,1300.62,1.37,1.77,519.18,
2001,T4,R4,S1,2,Surface,17,480.66,1.47,1.53,29.41,fungi
2001,T4,R4,S1,2,Middle,51,1441.99,1.64,1.77,181.7,
2001,T4,R4,S1,2,Deep,32,904.78,1.51,1.78,245.67,
2001,T4,R4,S2,1,Surface,20,565.49,1.63,1.68,26.49,fungi
2001,T4,R4,S2,1,Middle,33,933.05,1.45,1.67,204.01,
2001,T4,R4,S2,1,Deep,47,1328.89,1.56,1.82,338.92,
2001,T4,R4,S2,2,Surface,15,424.12,1.54,1.58,16.36,fungi
2001,T4,R4,S2,2,Middle,33,933.05,1.42,1.69,250.91,
2001,T4,R4,S2,2,Deep,52,1470.27,1.45,1.77,470.09,
2001,T4,R4,S3,1,Surface,10,282.74,1.58,1.63,15.56,
2001,T4,R4,S3,1,Middle,57,1611.64,1.71,1.79,120.75,
2001,T4,R4,S3,1,Deep,33,933.05,1.43,1.79,336.49,
2001,T4,R4,S3,2,Surface,15,424.12,1.54,1.57,13.46,changed the depth  from 10 cm to 15 cm/ fungi
2001,T4,R4,S3,2,Middle,47,1328.89,1.58,1.7,170.22,charcoal
2001,T4,R4,S3,2,Deep,38,1074.42,1.46,1.76,324.12,charcoal
2001,T4,R4,S4,1,Surface,9,254.47,1.41,1.43,6.05,fungi
2001,T4,R4,S4,1,Middle,49,1385.44,1.63,1.72,135.01,
2001,T4,R4,S4,1,Deep,42,1187.52,1.71,1.84,157.8,
2001,T4,R4,S4,2,Surface,12,339.29,1.52,1.55,11.75,
2001,T4,R4,S4,2,Middle,41,819.96,1.67,1.78,93.2,
2001,T4,R4,S4,2,Deep,47,1328.89,1.62,1.79,231.71,
2001,T4,R4,S5,1,Surface,14,395.84,1.29,1.3,1.84,
2001,T4,R4,S5,1,Middle,56,1583.36,1.55,1.61,98.75,
2001,T4,R4,S5,1,Deep,30,848.23,1.74,1.92,149.11,
2001,T4,R4,S5,2,Surface,10,282.74,1.28,1.28,0.66,
2001,T4,R4,S5,2,Middle,64,1809.56,1.47,1.52,82.12,
2001,T4,R4,S5,2,Deep,26,339.29,1.67,1.81,45.14,
2001,T4,R5,S1,1,Surface,22,622.04,1.69,1.84,93.26,
2001,T4,R5,S1,1,Middle,15,424.12,1.75,1.85,42.84,
2001,T4,R5,S1,1,Deep,63,1441.99,1.45,1.83,549.42,
2001,T4,R5,S1,2,Surface,26,735.13,1.55,1.64,61.63,
2001,T4,R5,S1,2,Middle,19,537.21,1.61,1.67,31.68,
2001,T4,R5,S1,2,Deep,55,1555.09,1.41,1.73,501.56,
2001,T4,R5,S2,1,Surface,21,593.76,1.66,1.73,43.43,
2001,T4,R5,S2,1,Middle,25,706.86,1.53,1.59,39.43,
2001,T4,R5,S2,1,Deep,54,1526.81,1.55,1.8,383.86,
2001,T4,R5,S2,2,Surface,20,565.49,1.57,1.6,14.67,
2001,T4,R5,S2,2,Middle,22,622.04,1.68,1.71,14.15,
2001,T4,R5,S2,2,Deep,58,1639.91,1.64,1.83,313.43,
2001,T4,R5,S3,1,Surface,24,678.58,1.66,1.68,18.98,
2001,T4,R5,S3,1,Middle,22,622.04,1.65,1.66,9.34,
2001,T4,R5,S3,1,Deep,54,1526.81,1.37,1.61,364.2,
2001,T4,R5,S3,2,Surface,22,622.04,1.56,1.61,26.18,
2001,T4,R5,S3,2,Middle,29,819.96,1.61,1.65,29.72,
2001,T4,R5,S3,2,Deep,49,1385.44,1.52,1.78,366.13,
2001,T4,R5,S4,1,Surface,22,622.04,1.47,1.48,10.95,
2001,T4,R5,S4,1,Middle,40,1130.97,1.63,1.65,22.07,
2001,T4,R5,S4,1,Deep,38,1074.42,1.52,1.78,274.11,
2001,T4,R5,S4,2,Surface,25,706.86,1.51,1.54,23.38,
2001,T4,R5,S4,2,Middle,46,989.6,1.58,1.75,171.57,
2001,T4,R5,S4,2,Deep,29,819.96,1.51,1.78,224.15,
2001,T4,R5,S5,1,Surface,24,678.58,1.54,1.6,46.04,
2001,T4,R5,S5,1,Middle,28,791.68,1.58,1.65,49.89,
2001,T4,R5,S5,1,Deep,48,1357.17,1.62,1.75,183.89,
2001,T4,R5,S5,2,Surface,23,650.31,1.55,1.6,31.29,
2001,T4,R5,S5,2,Middle,36,1017.88,1.64,1.71,75.09,
2001,T4,R5,S5,2,Deep,41,1159.25,1.53,1.77,271.77,
2001,T4,R6,S1,1,Surface,24,678.58,1.65,1.71,39.64,fungal growth
2001,T4,R6,S1,1,Middle,28,791.68,1.78,1.82,37.72,
2001,T4,R6,S1,1,Deep,48,1357.17,1.74,1.82,101.83,
2001,T4,R6,S1,2,Surface,15,424.12,1.55,1.61,25.54,extensive growth
2001,T4,R6,S1,2,Middle,28,791.68,1.77,1.81,32.41,
2001,T4,R6,S1,2,Deep,57,1611.64,1.67,1.73,103.64,
2001,T4,R6,S2,1,Surface,22,622.04,1.66,1.72,35.3,growth/ the entire core
2001,T4,R6,S2,1,Middle,34,961.33,1.72,1.75,31.77,
2001,T4,R6,S2,1,Deep,44,1244.07,1.69,1.87,219.88,
2001,T4,R6,S2,2,Surface,24,678.58,1.62,1.68,42.3,
2001,T4,R6,S2,2,Middle,31,593.76,1.63,1.8,100.11,very hard to sieve
2001,T4,R6,S2,2,Deep,45,1272.35,1.63,1.75,154.12,
2001,T4,R6,S3,1,Surface,20,565.49,1.61,1.65,23.12,green growth
2001,T4,R6,S3,1,Middle,24,678.58,1.86,1.95,56.85,
2001,T4,R6,S3,1,Deep,56,1583.36,1.77,1.85,123.17,
2001,T4,R6,S3,2,Surface,21,593.76,1.8,1.87,39.06,
2001,T4,R6,S3,2,Middle,24,678.58,1.94,2,42.72,"little clay compared to other cores in this rep,trt"
2001,T4,R6,S3,2,Deep,55,1555.09,1.83,1.84,16.56,
2001,T4,R6,S4,1,Surface,24,678.58,1.64,1.72,52.36,
2001,T4,R6,S4,1,Middle,36,1017.88,1.87,1.92,43.09,
2001,T4,R6,S4,1,Deep,40,1130.97,1.78,1.83,55.65,
2001,T4,R6,S4,2,Surface,21,593.76,1.69,1.77,49.17,
2001,T4,R6,S4,2,Middle,35,989.6,1.9,1.97,65.69,
2001,T4,R6,S4,2,Deep,44,1244.07,1.76,1.81,67.08,
2001,T4,R6,S5,1,Surface,23,650.31,1.83,1.86,24.04,fungal growth
2001,T4,R6,S5,1,Middle,38,1074.42,1.87,1.87,1.51,* low gravel content
2001,T4,R6,S5,1,Deep,39,1102.7,1.69,1.74,57.76,
2001,T4,R6,S5,2,Surface,22,622.04,1.8,1.83,22.24,fungal growth
2001,T4,R6,S5,2,Middle,43,1215.8,1.96,1.98,28.6,
2001,T4,R6,S5,2,Deep,35,989.6,1.76,1.85,82.84,
2001,T5,R1,S1,1,Surface,28,791.68,1.41,1.51,81.55,
2001,T5,R1,S1,1,Middle,41,1159.25,1.69,1.85,184.58,
2001,T5,R1,S1,1,Deep,31,876.5,1.65,1.79,121.66,
2001,T5,R1,S1,2,Surface,28,791.68,1.37,1.47,77.5,
2001,T5,R1,S1,2,Middle,51,1441.99,1.76,1.9,199.03,
2001,T5,R1,S1,2,Deep,21,593.76,1.58,1.89,189.05,
2001,T5,R1,S2,1,Surface,23,650.31,1.4,1.55,101.5,large root mass
2001,T5,R1,S2,1,Middle,36,735.13,1.78,1.94,116,
2001,T5,R1,S2,1,Deep,41,876.5,1.7,1.9,173.07,
2001,T5,R1,S2,2,Surface,26,735.13,1.47,1.59,81.91,large root mass
2001,T5,R1,S2,2,Middle,37,1046.15,1.74,1.89,159.53,
2001,T5,R1,S2,2,Deep,37,1046.15,1.61,1.8,192.12,
2001,T5,R1,S3,1,Surface,27,763.41,1.49,1.57,65.14,
2001,T5,R1,S3,1,Middle,26,735.13,1.9,1.97,49.63,
2001,T5,R1,S3,1,Deep,47,1328.89,1.61,1.67,83.43,
2001,T5,R1,S3,2,Surface,35,989.6,1.48,1.57,92.72,
2001,T5,R1,S3,2,Middle,20,565.49,1.83,2.06,129.96,
2001,T5,R1,S3,2,Deep,43,1215.8,1.61,1.86,305.19,compressed
2001,T5,R1,S4,1,Surface,27,763.41,1.57,1.64,53.39,
2001,T5,R1,S4,1,Middle,40,1130.97,1.77,1.81,48.84,
2001,T5,R1,S4,1,Deep,33,933.05,1.75,1.99,222.82,
2001,T5,R1,S4,2,Surface,25,706.86,1.63,1.68,37.13,
2001,T5,R1,S4,2,Middle,34,961.33,1.75,1.86,97.17,
2001,T5,R1,S4,2,Deep,41,1159.25,1.77,1.91,169.31,
2001,T5,R1,S5,1,Surface,33,933.05,1.63,1.73,84.74,
2001,T5,R1,S5,1,Middle,45,1272.35,1.63,1.72,112.43,
2001,T5,R1,S5,1,Deep,22,622.04,1.84,2.03,114.94,
2001,T5,R1,S5,2,Surface,30,848.23,1.45,1.61,135.46,
2001,T5,R1,S5,2,Middle,36,1017.88,1.88,1.97,100.09,
2001,T5,R1,S5,2,Deep,26,735.13,1.8,2.07,192.72,compressed/gap between 66 & 70
2001,T5,R2,S1,1,Surface,26,735.13,1.52,1.6,59.8,
2001,T5,R2,S1,1,Middle,26,735.13,1.59,1.76,120.83,
2001,T5,R2,S1,1,Deep,48,1357.17,1.66,1.85,245.57,
2001,T5,R2,S1,2,Surface,14,395.84,1.16,1.29,48.29,room mass 2cm
2001,T5,R2,S1,2,Middle,32,904.78,1.58,1.61,31.02,
2001,T5,R2,S1,2,Deep,54,1187.52,1.59,1.79,240.78,
2001,T5,R2,S2,1,Surface,22,622.04,1.52,1.58,33.07,
2001,T5,R2,S2,1,Middle,26,735.13,1.64,1.7,44.24,
2001,T5,R2,S2,1,Deep,52,1470.27,1.64,1.83,278.29,
2001,T5,R2,S2,2,Surface,25,706.86,1.36,1.44,57.81,
2001,T5,R2,S2,2,Middle,26,311.02,1.78,1.79,2.89,
2001,T5,R2,S2,2,Deep,49,1385.44,1.7,1.92,304.04,
2001,T5,R2,S3,1,Surface,27,763.41,1.47,1.53,50.34,
2001,T5,R2,S3,1,Middle,43,1215.8,1.68,1.77,101.05,
2001,T5,R2,S3,1,Deep,30,848.23,1.72,2,243.48,
2001,T5,R2,S3,2,Surface,41,1159.25,1.52,1.66,162.63,
2001,T5,R2,S3,2,Middle,29,819.96,1.64,1.76,97.68,
2001,T5,R2,S3,2,Deep,30,848.23,1.65,1.97,268.89,
2001,T5,R2,S4,1,Surface,23,650.31,1.35,1.68,216.73,root mass
2001,T5,R2,S4,1,Middle,27,763.41,1.52,1.69,128.88,
2001,T5,R2,S4,1,Deep,50,1413.72,1.58,1.8,309.61,
2001,T5,R2,S4,2,Surface,24,678.58,1.59,1.75,107.88,root mass
2001,T5,R2,S4,2,Middle,31,876.5,1.67,1.81,124.3,
2001,T5,R2,S4,2,Deep,45,1272.35,1.52,1.77,315.82,
2001,T5,R2,S5,1,Surface,33,933.05,1.41,1.78,340.27,root mass
2001,T5,R2,S5,1,Middle,18,508.94,1.83,1.84,2.02,
2001,T5,R2,S5,1,Deep,49,1385.44,1.81,1.87,82.26,
2001,T5,R2,S5,2,Surface,29,819.96,1.29,1.72,348.29,"roots,charcoal"
2001,T5,R2,S5,2,Middle,28,791.68,1.48,1.87,306.64,
2001,T5,R2,S5,2,Deep,43,1215.8,1.84,1.89,62.84,
2001,T5,R3,S1,1,Surface,11,311.02,1.32,1.46,44.46,
2001,T5,R3,S1,1,Middle,33,933.05,1.69,1.82,115.1,
2001,T5,R3,S1,1,Deep,56,1583.36,1.81,1.88,117.1,
2001,T5,R3,S1,2,Surface,9,254.47,1.09,1.33,61.3,fungi
2001,T5,R3,S1,2,Middle,31,876.5,1.69,1.76,62.79,
2001,T5,R3,S1,2,Deep,60,1696.46,1.74,1.82,125.4,
2001,T5,R3,S2,1,Surface,10,282.74,1.37,1.63,71.89,fungi/ root mass
2001,T5,R3,S2,1,Middle,31,876.5,1.36,1.71,299.19,
2001,T5,R3,S2,1,Deep,59,1668.19,1.8,1.85,73.95,
2001,T5,R3,S2,2,Surface,9,254.47,1.06,1.48,106.99,root mass/ decaying OM
2001,T5,R3,S2,2,Middle,50,1413.72,1.51,1.75,338.63,
2001,T5,R3,S2,2,Deep,41,1159.25,1.87,1.87,11.02,
2001,T5,R3,S3,1,Surface,12,339.29,1.37,1.57,67.81,root mass approx 2 cm
2001,T5,R3,S3,1,Middle,16,452.39,1.28,1.45,75.47,
2001,T5,R3,S3,1,Deep,72,2035.75,1.73,1.87,277.93,
2001,T5,R3,S3,2,Surface,11,311.02,1.33,1.51,54.61,
2001,T5,R3,S3,2,Middle,19,537.21,1.65,1.8,82.25,
2001,T5,R3,S3,2,Deep,70,1979.2,1.74,1.81,149.13,
2001,T5,R3,S4,1,Surface,12,339.29,1.45,1.62,58.53,
2001,T5,R3,S4,1,Middle,17,480.66,1.67,1.83,75.27,
2001,T5,R3,S4,1,Deep,71,2007.48,1.69,1.8,219.69,
2001,T5,R3,S4,2,Surface,11,311.02,1.47,1.59,37.77,
2001,T5,R3,S4,2,Middle,22,622.04,1.46,1.67,131.67,
2001,T5,R3,S4,2,Deep,67,1894.38,1.73,1.84,206.77,
2001,T5,R3,S5,1,Surface,16,226.19,1.08,1.35,59.67,3 cm (depth)root  mass from 8 cm B..D
2001,T5,R3,S5,1,Middle,43,452.39,1.65,1.75,44.55,
2001,T5,R3,S5,1,Deep,41,1159.25,1.76,1.88,138.83,
2001,T5,R3,S5,2,Surface,15,424.12,1.15,1.29,57.48,large root mass
2001,T5,R3,S5,2,Middle,40,1130.97,1.46,1.68,258.44,
2001,T5,R3,S5,2,Deep,45,1272.35,1.75,1.82,89.97,
2001,T5,R4,S1,1,Surface,19,537.21,1.41,1.54,72.92,a lot of roots (1.5 cm)and OM/some stems passed thru screen
2001,T5,R4,S1,1,Middle,34,961.33,1.59,1.77,170.8,
2001,T5,R4,S1,1,Deep,47,1328.89,1.58,1.71,171.5,
2001,T5,R4,S1,2,Surface,24,678.58,1.55,1.63,55.62,a lot of roots(1 cm) and OM/some stems passed thru screen
2001,T5,R4,S1,2,Middle,19,537.21,1.68,1.79,59.84,
2001,T5,R4,S1,2,Deep,57,1611.64,1.63,1.82,298.74,
2001,T5,R4,S2,1,Surface,18,508.94,1.52,1.69,87.82,a lot of roots (roots + soil = approx 2.5 cm) and OM/some stems passed thru screen
2001,T5,R4,S2,1,Middle,15,424.12,1.72,1.87,66.77,
2001,T5,R4,S2,1,Deep,67,1894.38,1.5,1.79,553.52,
2001,T5,R4,S2,2,Surface,12,339.29,1.48,1.67,66.41,root mass approx 2 cm
2001,T5,R4,S2,2,Middle,18,508.94,1.64,1.8,83.2,
2001,T5,R4,S2,2,Deep,70,1979.2,1.47,1.76,567.68,
2001,T5,R4,S3,1,Surface,11,311.02,1.45,1.55,33.37,root mass approx 1cm
2001,T5,R4,S3,1,Middle,33,650.31,1.56,1.78,142.82,
2001,T5,R4,S3,1,Deep,56,1583.36,1.54,1.78,377.98,
2001,T5,R4,S3,2,Surface,18,508.94,1.4,1.54,70.41,root mass approx 2 cm
2001,T5,R4,S3,2,Middle,30,848.23,1.58,1.71,105.8,
2001,T5,R4,S3,2,Deep,52,1470.27,1.62,1.83,308.08,
2001,T5,R4,S4,1,Surface,9,254.47,1.88,2.08,52.52,
2001,T5,R4,S4,1,Middle,30,848.23,1.63,1.72,72.25,
2001,T5,R4,S4,1,Deep,61,1724.73,1.49,1.79,521.19,
2001,T5,R4,S4,2,Surface,10,282.74,1.46,1.66,54.14,
2001,T5,R4,S4,2,Middle,33,933.05,1.61,1.74,116.63,
2001,T5,R4,S4,2,Deep,57,1611.64,1.48,1.73,400.12,
2001,T5,R4,S5,1,Surface,22,622.04,1.41,1.51,62.38,root mass approx 2 cm
2001,T5,R4,S5,1,Middle,25,706.86,1.68,1.71,17.88,
2001,T5,R4,S5,1,Deep,53,1498.54,1.4,1.74,508.91,
2001,T5,R4,S5,2,Surface,23,650.31,1.29,1.4,71.76,root mass approx 3 cm
2001,T5,R4,S5,2,Middle,34,961.33,1.71,1.77,54.9,
2001,T5,R4,S5,2,Deep,43,1215.8,1.51,1.73,262.5,
2001,T5,R5,S1,1,Surface,21,593.76,1.6,1.67,41.61,
2001,T5,R5,S1,1,Middle,43,1215.8,1.69,1.75,69.15,
2001,T5,R5,S1,1,Deep,36,1017.88,1.55,1.8,256.32,
2001,T5,R5,S1,2,Surface,22,622.04,1.73,1.77,29.75,
2001,T5,R5,S1,2,Middle,51,1441.99,1.74,1.77,37.28,
2001,T5,R5,S1,2,Deep,27,763.41,1.59,1.93,265.26,
2001,T5,R5,S2,1,Surface,21,593.76,1.57,1.63,35.21,
2001,T5,R5,S2,1,Middle,29,819.96,1.74,1.78,28.53,
2001,T5,R5,S2,1,Deep,50,1413.72,1.51,1.67,229.08,
2001,T5,R5,S2,2,Surface,20,565.49,1.47,1.54,40.52,
2001,T5,R5,S2,2,Middle,30,848.23,1.57,1.74,150.38,
2001,T5,R5,S2,2,Deep,50,1413.72,1.6,1.81,294.45,
2001,T5,R5,S3,1,Surface,20,565.49,1.66,1.8,82.54,
2001,T5,R5,S3,1,Middle,54,1526.81,1.76,1.89,198.7,
2001,T5,R5,S3,1,Deep,26,735.13,1.79,1.88,62.76,
2001,T5,R5,S3,2,Surface,20,565.49,1.75,1.83,42.95,
2001,T5,R5,S3,2,Middle,14,395.84,1.96,2.03,25.63,
2001,T5,R5,S3,2,Deep,62,1753.01,1.69,1.8,196.16,
2001,T5,R5,S4,1,Surface,21,593.76,1.61,1.69,50.09,
2001,T5,R5,S4,1,Middle,40,1130.97,1.69,1.78,92.69,
2001,T5,R5,S4,1,Deep,39,1102.7,1.73,1.85,132.78,
2001,T5,R5,S4,2,Surface,20,565.49,1.58,1.66,42.73,
2001,T5,R5,S4,2,Middle,38,1074.42,1.76,1.78,29.12,
2001,T5,R5,S4,2,Deep,42,1187.52,1.73,1.85,145.26,
2001,T5,R5,S5,1,Surface,27,763.41,1.54,1.64,76.92,
2001,T5,R5,S5,1,Middle,37,1046.15,1.64,1.77,135.92,
2001,T5,R5,S5,1,Deep,36,1017.88,1.56,1.73,181.78,
2001,T5,R5,S5,2,Surface,31,876.5,1.56,1.62,50.75,
2001,T5,R5,S5,2,Middle,44,1244.07,1.65,1.76,146.21,
2001,T5,R5,S5,2,Deep,25,706.86,1.36,1.81,315.47,
2001,T5,R6,S1,1,Surface,24,452.39,1.28,1.4,55.17,root mass 3cm included in BD
2001,T5,R6,S1,1,Middle,23,650.31,1.78,1.82,26.6,charcoal
2001,T5,R6,S1,1,Deep,53,1498.54,1.74,1.81,106.43,
2001,T5,R6,S1,2,Surface,23,650.31,1.36,1.53,107.98,
2001,T5,R6,S1,2,Middle,26,735.13,1.64,1.81,126.61,
2001,T5,R6,S1,2,Deep,51,1441.99,1.6,1.63,50.41,charcoal
2001,T5,R6,S2,1,Surface,34,961.33,1.34,1.39,53.56,
2001,T5,R6,S2,1,Middle,12,339.29,1.63,1.75,40.51,
2001,T5,R6,S2,1,Deep,54,1272.35,1.83,1.89,81.71,
2001,T5,R6,S2,2,Surface,33,933.05,1.39,1.42,28.61,compressed to 96 cm
2001,T5,R6,S2,2,Middle,18,508.94,1.43,1.81,189.26,
2001,T5,R6,S2,2,Deep,49,1272.35,1.62,1.72,125.51,
2001,T5,R6,S3,1,Surface,22,622.04,1.47,1.52,32.16,
2001,T5,R6,S3,1,Middle,27,763.41,1.73,1.84,81.42,
2001,T5,R6,S3,1,Deep,51,848.23,1.73,1.91,154.2,
2001,T5,R6,S3,2,Surface,16,452.39,1.55,1.6,19.56,
2001,T5,R6,S3,2,Middle,25,706.86,1.7,1.76,41.98,
2001,T5,R6,S3,2,Deep,59,1272.35,1.72,1.86,179.03,
2001,T5,R6,S4,1,Surface,21,593.76,1.52,1.61,52.82,root mass
2001,T5,R6,S4,1,Middle,32,904.78,1.75,1.79,35.81,
2001,T5,R6,S4,1,Deep,47,1328.89,1.71,1.73,18.94,
2001,T5,R6,S4,2,Surface,23,650.31,1.4,1.45,28.89,root mass
2001,T5,R6,S4,2,Middle,27,763.41,1.81,1.84,22.87,
2001,T5,R6,S4,2,Deep,50,1413.72,1.63,1.8,240.9,
2001,T5,R6,S5,1,Surface,24,678.58,1.37,1.41,25.92,root mass
2001,T5,R6,S5,1,Middle,48,1357.17,1.74,1.8,70.08,
2001,T5,R6,S5,1,Deep,28,791.68,1.77,1.93,122.63,
2001,T5,R6,S5,2,Surface,22,622.04,1.43,1.49,35.67,root mass
2001,T5,R6,S5,2,Middle,16,452.39,1.58,1.7,54.79,
2001,T5,R6,S5,2,Deep,62,1753.01,1.65,1.7,98.12,charcoal
2001,T6,R1,S1,1,Surface,21,593.76,1.71,1.74,18.2,
2001,T6,R1,S1,1,Middle,36,1017.88,1.88,1.95,65.2,
2001,T6,R1,S1,1,Deep,43,1215.8,1.82,1.94,154.98,
2001,T6,R1,S1,2,Surface,23,650.31,1.63,1.66,20.22,
2001,T6,R1,S1,2,Middle,28,791.68,1.85,1.88,23.93,
2001,T6,R1,S1,2,Deep,49,1385.44,1.56,1.79,326.12,
2001,T6,R1,S2,1,Surface,23,650.31,1.74,1.76,13.45,
2001,T6,R1,S2,1,Middle,30,848.23,1.81,1.91,84.43,
2001,T6,R1,S2,1,Deep,40,1130.97,1.72,1.84,136.18,"* actually 38 cm, no soil past 91 cm in the tube"
2001,T6,R1,S2,2,Surface,29,819.96,1.65,1.66,14.36,* changes drom 15 to 29cm based on clear color  change
2001,T6,R1,S2,2,Deep,39,1102.7,1.55,1.72,190.11,* actual measured length 35
2001,T6,R1,S3,1,Surface,17,480.66,1.66,1.68,7.33,fungi
2001,T6,R1,S3,1,Middle,48,1357.17,1.81,1.88,85.03,
2001,T6,R1,S3,1,Deep,35,989.6,1.88,1.97,95.99,fungi
2001,T6,R1,S3,2,Surface,26,735.13,1.58,1.59,4.57,fungi
2001,T6,R1,S3,2,Middle,61,1724.73,1.91,1.98,132.01,
2001,T6,R1,S3,2,Deep,13,367.57,1.85,1.92,25.7,fungi
2001,T6,R1,S4,1,Surface,22,622.04,1.68,1.79,68.1,
2001,T6,R1,S4,1,Middle,32,904.78,1.8,1.85,45.97,
2001,T6,R1,S4,1,Deep,46,1300.62,1.7,1.94,306.9,
2001,T6,R1,S4,2,Surface,22,622.04,1.64,1.66,9.6,
2001,T6,R1,S4,2,Middle,29,819.96,1.71,1.75,32.74,
2001,T6,R1,S4,2,Deep,49,1385.44,1.71,1.85,190.56,
2001,T6,R1,S5,1,Surface,22,622.04,1.78,1.84,38.65,
2001,T6,R1,S5,1,Middle,22,622.04,1.79,1.91,76.4,
2001,T6,R1,S5,1,Deep,56,1583.36,1.84,1.9,92.29,
2001,T6,R1,S5,2,Surface,21,593.76,1.77,1.83,34.28,
2001,T6,R1,S5,2,Middle,26,735.13,1.66,1.82,119.1,
2001,T6,R1,S5,2,Deep,53,1498.54,1.78,1.94,236.61,
2001,T6,R2,S1,1,Surface,9,254.47,1.55,1.58,8.41,fungi
2001,T6,R2,S1,1,Middle,34,961.33,1.52,1.58,50.1,
2001,T6,R2,S1,1,Deep,57,1611.64,1.68,1.86,287.7,
2001,T6,R2,S1,2,Surface,11,311.02,1.42,1.48,20.08,fungi
2001,T6,R2,S1,2,Middle,44,1244.07,1.68,1.73,52.44,
2001,T6,R2,S1,2,Deep,45,1272.35,1.57,1.85,359.96,
2001,T6,R2,S2,1,Surface,14,395.84,1.49,1.53,16.57,fungi
2001,T6,R2,S2,1,Middle,33,933.05,1.62,1.68,58.41,
2001,T6,R2,S2,1,Deep,53,1498.54,1.8,1.95,232.22,
2001,T6,R2,S2,2,Surface,12,339.29,1.52,1.55,11.88,fungi
2001,T6,R2,S2,2,Middle,60,1696.46,1.68,1.75,128.88,charcoal
2001,T6,R2,S2,2,Deep,28,791.68,1.41,1.66,192.47,
2001,T6,R2,S3,1,Surface,20,565.49,1.51,1.54,17.77,
2001,T6,R2,S3,1,Middle,29,819.96,1.71,1.74,27.44,
2001,T6,R2,S3,1,Deep,51,1441.99,1.71,1.83,170.76,
2001,T6,R2,S3,2,Surface,18,311.02,1.56,1.59,9.16,* changed depth from 15 to 18 based on a natural break/fungi
2001,T6,R2,S3,2,Middle,20,565.49,1.61,1.67,32.46,
2001,T6,R2,S3,2,Deep,62,1753.01,1.72,1.85,222.82,
2001,T6,R2,S4,1,Surface,9,254.47,1.25,1.32,17.25,fungi
2001,T6,R2,S4,1,Middle,34,961.33,1.62,1.68,55.9,
2001,T6,R2,S4,1,Deep,57,1611.64,1.49,1.74,414.69,
2001,T6,R2,S4,2,Surface,12,339.29,1.55,1.6,19.21,
2001,T6,R2,S4,2,Middle,37,1046.15,1.64,1.75,118.56,
2001,T6,R2,S4,2,Deep,51,1441.99,1.61,1.87,385.05,
2001,T6,R2,S5,1,Surface,12,197.92,1.35,1.35,1.65,
2001,T6,R2,S5,1,Middle,36,1017.88,1.62,1.77,154.59,
2001,T6,R2,S5,1,Deep,52,1470.27,1.52,1.76,352.17,black flakes- chrcoal?
2001,T6,R2,S5,2,Surface,12,339.29,1.46,1.52,20.48,fungi
2001,T6,R2,S5,2,Middle,53,1498.54,1.61,1.7,134.16,small pieces of charcoal
2001,T6,R2,S5,2,Deep,35,989.6,1.52,1.78,263.07,
2001,T6,R3,S1,1,Surface,23,650.31,1.46,1.55,56.83,
2001,T6,R3,S1,1,Middle,58,1639.91,1.64,1.66,35.23,
2001,T6,R3,S1,1,Deep,19,537.21,1.49,1.61,60.59,fungi
2001,T6,R3,S1,2,Surface,21,593.76,1.63,1.65,15.47,fungi
2001,T6,R3,S1,2,Middle,53,1498.54,1.69,1.72,40.35,
2001,T6,R3,S1,2,Deep,26,735.13,1.5,1.88,280.12,
2001,T6,R3,S2,1,Surface,22,622.04,1.61,1.66,30.82,
2001,T6,R3,S2,1,Middle,51,1441.99,1.66,1.69,52.02,
2001,T6,R3,S2,1,Deep,27,763.41,1.78,2.02,176.98,fungi
2001,T6,R3,S2,2,Surface,24,678.58,1.53,1.55,10.11,
2001,T6,R3,S2,2,Middle,50,1413.72,1.59,1.66,88.75,
2001,T6,R3,S2,2,Deep,26,735.13,1.87,1.94,48.3,fungi
2001,T6,R3,S3,1,Surface,18,508.94,1.58,1.59,6.46,
2001,T6,R3,S3,1,Middle,35,706.86,1.5,1.58,56.51,
2001,T6,R3,S3,1,Deep,47,1328.89,1.7,1.84,182.3,
2001,T6,R3,S3,2,Surface,22,622.04,1.53,1.55,13.23,
2001,T6,R3,S3,2,Middle,37,1046.15,1.7,1.72,29.64,
2001,T6,R3,S3,2,Deep,41,1159.25,1.74,1.85,130.2,
2001,T6,R3,S4,1,Surface,25,706.86,1.59,1.62,22.89,
2001,T6,R3,S4,1,Middle,41,1159.25,1.65,1.7,51.44,
2001,T6,R3,S4,1,Deep,34,961.33,1.72,1.79,76.28,
2001,T6,R3,S4,2,Surface,30,848.23,1.51,1.53,16.45,roots
2001,T6,R3,S4,2,Middle,44,1244.07,1.57,1.65,103.38,
2001,T6,R3,S4,2,Deep,26,735.13,1.81,1.86,32.29,
2001,T6,R3,S5,1,Surface,23,650.31,1.41,1.46,30.11,
2001,T6,R3,S5,1,Middle,27,763.41,1.69,1.72,22.8,
2001,T6,R3,S5,1,Deep,50,1413.72,1.61,1.88,380.99,
2001,T7,R1,S4,2,Middle,31,876.5,1.47,1.83,315.96,
2001,T6,R3,S5,2,Surface,21,593.76,1.48,1.5,14.79,
2001,T6,R3,S5,2,Middle,29,819.96,1.49,1.65,134.33,Bt1 horizon  changed from 62 to 50 cm based on texture
2001,T6,R3,S5,2,Deep,50,791.68,1.79,1.88,76.32,
2001,T6,R4,S1,1,Surface,26,735.13,1.32,1.35,23.73,
2001,T6,R4,S1,1,Middle,34,961.33,1.47,1.63,154.76,
2001,T6,R4,S1,1,Deep,40,1130.97,1.32,1.76,496.87,
2001,T6,R4,S1,2,Surface,22,622.04,1.45,1.5,31.58,
2001,T6,R4,S1,2,Middle,28,791.68,1.5,1.71,169.52,
2001,T6,R4,S1,2,Deep,50,1413.72,1.37,1.7,479.43,
2001,T6,R4,S2,1,Surface,24,678.58,1.43,1.46,19.21,
2001,T6,R4,S2,1,Middle,49,1385.44,1.58,1.68,142.05,
2001,T6,R4,S2,1,Deep,27,763.41,1.38,1.8,317.24,
2001,T6,R4,S2,2,Surface,24,678.58,1.45,1.47,18.5,
2001,T6,R4,S2,2,Middle,39,1102.7,1.67,1.75,87.55,
2001,T6,R4,S2,2,Deep,37,1046.15,1.38,1.79,435.9,
2001,T6,R4,S3,1,Surface,22,622.04,1.43,1.47,29.82,
2001,T6,R4,S3,1,Middle,44,1244.07,1.5,1.66,200.47,
2001,T6,R4,S3,1,Deep,34,961.33,1.21,1.68,451.8,
2001,T6,R4,S3,2,Surface,22,622.04,1.31,1.36,28.12,fungi
2001,T6,R4,S3,2,Middle,28,791.68,1.53,1.64,93.23,
2001,T6,R4,S3,2,Deep,50,1413.72,1.46,1.67,290.79,
2001,T6,R4,S4,1,Surface,22,622.04,1.42,1.44,14.01,fungi
2001,T6,R4,S4,1,Middle,45,1272.35,1.67,1.76,114.41,
2001,T6,R4,S4,1,Deep,33,933.05,1.8,1.81,8.5,
2001,T6,R4,S4,2,Surface,21,593.76,1.58,1.64,35.95,fungi
2001,T6,R4,S4,2,Middle,30,848.23,1.52,1.68,138.57,
2001,T6,R4,S4,2,Deep,49,1385.44,1.71,1.77,83.62,
2001,T6,R4,S5,1,Surface,23,650.31,1.57,1.6,20.73,
2001,T6,R4,S5,1,Middle,45,1272.35,1.69,1.74,61.48,
2001,T6,R4,S5,1,Deep,32,904.78,1.57,1.82,226.25,
2001,T6,R4,S5,2,Surface,23,650.31,1.5,1.53,19.11,
2001,T6,R4,S5,2,Middle,38,1074.42,1.67,1.69,17.15,
2001,T6,R4,S5,2,Deep,39,1102.7,1.51,1.73,247.96,
2001,T6,R5,S1,1,Surface,18,508.94,1.36,1.41,27.48,fungal growth
2001,T6,R5,S1,1,Middle,48,1357.17,1.36,1.73,495.7,
2001,T6,R5,S1,1,Deep,34,961.33,1.39,1.6,205.18,* actual length 31/ fungal growth/ lots of small rocks
2001,T6,R5,S1,2,Surface,20,565.49,1.47,1.51,19.63,little OM/fungal growth
2001,T6,R5,S1,2,Middle,25,706.86,1.3,1.68,266.96,
2001,T6,R5,S1,2,Deep,55,819.96,1.33,1.69,292.87,
2001,T6,R5,S2,1,Surface,29,819.96,1.57,1.63,51.06,fungal growth
2001,T6,R5,S2,1,Middle,30,367.57,1.75,1.76,6.35,* black chunks
2001,T6,R5,S2,1,Deep,41,678.58,1.63,1.78,103.39,
2001,T6,R5,S2,2,Surface,22,622.04,1.4,1.43,17.96,fungal growth
2001,T6,R5,S2,2,Middle,47,1328.89,1.6,1.66,75.48,23-30 could be E hor.
2001,T6,R5,S2,2,Deep,31,876.5,1.46,1.72,230.22,
2001,T6,R5,S3,1,Surface,23,650.31,1.43,1.47,27.55,fungal growth
2001,T6,R5,S3,1,Middle,58,1639.91,1.67,1.74,127.61,
2001,T6,R5,S3,1,Deep,19,537.21,1.26,1.77,275.04,
2001,T6,R5,S3,2,Surface,23,650.31,1.27,1.38,73.02,fungal growth
2001,T6,R5,S3,2,Middle,42,1187.52,1.58,1.67,111.45,
2001,T6,R5,S3,2,Deep,35,735.13,1.67,1.96,213.99,* non-B.D is the Bt3 hor
2001,T6,R5,S4,1,Surface,22,622.04,1.32,1.35,19.32,fungal growth
2001,T6,R5,S4,1,Middle,40,1130.97,1.37,1.55,199.87,several small black chunks
2001,T6,R5,S4,1,Deep,38,1074.42,1.48,1.65,184.81,
2001,T6,R5,S4,2,Surface,27,763.41,1.49,1.53,33.03,fungal growth
2001,T6,R5,S4,2,Middle,36,1017.88,1.62,1.75,139.85,some black material/ harder than previous material/ fungal growth
2001,T6,R5,S4,2,Deep,37,1046.15,1.51,1.75,243.08,
2001,T6,R5,S5,1,Surface,18,508.94,1.34,1.39,23.04,fungal growth
2001,T6,R5,S5,1,Middle,42,876.5,1.54,1.69,125.5,
2001,T6,R5,S5,1,Deep,40,706.86,1.19,1.72,380.98,
2001,T6,R5,S5,2,Surface,11,311.02,1.26,1.39,40.55,fungal growth
2001,T6,R5,S5,2,Middle,48,1357.17,1.54,1.6,84.9,tiny black chunk/ approx .05 of circum empty of soil
2001,T6,R5,S5,2,Deep,41,1159.25,1.26,1.6,399.29,.03 of circum empty of soil
2001,T6,R6,S1,1,Surface,27,763.41,1.39,1.43,30.23,* actual  length 23 cm
2001,T6,R6,S1,1,Middle,23,650.31,1.81,1.9,53.09,
2001,T6,R6,S1,1,Deep,50,1413.72,1.65,1.79,194.84,
2001,T6,R6,S1,2,Surface,25,706.86,1.47,1.5,17.73,* fungal growth
2001,T6,R6,S1,2,Middle,22,622.04,1.76,1.83,44.02,
2001,T6,R6,S1,2,Deep,53,1498.54,1.83,1.86,45,
2001,T6,R6,S2,1,Surface,25,706.86,1.58,1.63,37.03,fungal growth
2001,T6,R6,S2,1,Middle,35,989.6,1.82,1.86,47.65,
2001,T6,R6,S2,1,Deep,40,1130.97,1.84,1.87,34.39,fungal growth/ black material looks like decaying OM (ROOTS?)/ saves a small sample
2001,T6,R6,S2,2,Surface,27,763.41,1.3,1.35,38.62,
2001,T6,R6,S2,2,Middle,20,565.49,1.79,1.84,26.92,
2001,T6,R6,S2,2,Deep,53,1498.54,1.73,1.81,127.65,
2001,T6,R6,S3,1,Surface,25,706.86,1.58,1.61,19.02,fungi
2001,T6,R6,S3,1,Middle,31,876.5,1.87,1.91,33.99,
2001,T6,R6,S3,1,Deep,44,1244.07,1.6,1.73,160.83,fungi
2001,T6,R6,S3,2,Surface,27,763.41,1.43,1.5,53.46,
2001,T6,R6,S3,2,Middle,27,763.41,1.93,1.98,39.49,
2001,T6,R6,S3,2,Deep,46,1300.62,1.66,1.74,104.16,
2001,T6,R6,S4,1,Surface,28,791.68,1.53,1.56,24.53,fungi
2001,T6,R6,S4,1,Middle,29,819.96,1.88,1.96,66.53,
2001,T6,R6,S4,1,Deep,43,1215.8,1.6,1.66,72.49,
2001,T6,R6,S4,2,Surface,20,565.49,1.5,1.57,41.17,
2001,T6,R6,S4,2,Middle,14,395.84,1.73,1.76,13.86,
2001,T6,R6,S4,2,Deep,66,1866.11,1.65,1.67,42.51,
2001,T6,R6,S5,1,Surface,26,735.13,1.65,1.72,53.95,
2001,T6,R6,S5,1,Middle,24,678.58,1.44,1.48,30.5,
2001,T6,R6,S5,1,Deep,50,1413.72,1.89,1.99,136.25,
2001,T6,R6,S5,2,Surface,25,706.86,1.55,1.63,55.38,
2001,T6,R6,S5,2,Middle,21,593.76,1.85,1.93,44.13,
2001,T6,R6,S5,2,Deep,54,1526.81,1.64,1.75,163.88,
2001,T7,R1,S1,1,Surface,28,791.68,1.66,1.69,27.61,
2001,T7,R1,S1,1,Middle,29,819.96,1.82,1.89,53.67,
2001,T7,R1,S1,1,Deep,43,1215.8,1.6,1.72,146.31,
2001,T7,R1,S1,2,Surface,18,508.94,1.71,1.76,20.93,
2001,T7,R1,S1,2,Middle,40,1130.97,1.75,1.79,48.64,
2001,T7,R1,S1,2,Deep,42,1187.52,1.88,1.95,77.18,
2001,T7,R1,S2,1,Surface,23,650.31,1.6,1.66,38.73,
2001,T7,R1,S2,1,Middle,30,848.23,1.8,1.83,32.37,
2001,T7,R1,S2,1,Deep,47,1328.89,1.78,1.89,150.09,
2001,T7,R1,S2,2,Surface,26,735.13,1.54,1.6,41.42,
2001,T7,R1,S2,2,Middle,29,819.96,1.74,1.77,28.4,
2001,T7,R1,S2,2,Deep,45,1272.35,1.86,1.92,74.83,
2001,T7,R1,S3,1,Surface,35,989.6,1.4,1.44,36.75,
2001,T7,R1,S3,1,Middle,32,904.78,1.83,1.91,70.85,
2001,T7,R1,S3,1,Deep,33,933.05,1.66,1.84,172,
2001,T7,R1,S3,2,Surface,31,876.5,1.54,1.58,36.01,compressed
2001,T7,R1,S3,2,Middle,48,1357.17,1.71,1.89,240.75,
2001,T7,R1,S3,2,Deep,18,508.94,1.62,2.25,320.16,
2001,T7,R1,S4,1,Surface,25,706.86,1.58,1.66,58.18,
2001,T7,R1,S4,1,Middle,36,1017.88,1.63,1.74,114.18,
2001,T7,R1,S4,1,Deep,39,1102.7,1.72,1.89,184.34,
2001,T7,R1,S4,2,Surface,26,735.13,1.6,1.67,50.41,
2001,T7,R1,S4,2,Deep,36,1017.88,1.49,1.86,375.15,gap between 73 & 80
2001,T7,R1,S5,1,Surface,35,989.6,1.62,1.68,63.22,
2001,T7,R1,S5,1,Middle,24,678.58,1.55,1.86,206.01,
2001,T7,R1,S5,1,Deep,41,1159.25,1.81,1.86,51.02,
2001,T7,R1,S5,2,Surface,39,1102.7,1.45,1.52,69.71,
2001,T7,R1,S5,2,Middle,40,1130.97,1.79,1.86,72.6,
2001,T7,R1,S5,2,Deep,21,593.76,1.78,1.79,10.52,
2001,T7,R2,S1,1,Surface,17,480.66,1.49,1.5,5.17,
2001,T7,R2,S1,1,Middle,41,1159.25,1.61,1.63,25.23,
2001,T7,R2,S1,1,Deep,42,1187.52,1.81,1.91,112.74,
2001,T7,R2,S1,2,Surface,21,593.76,1.29,1.34,31.78,
2001,T7,R2,S1,2,Middle,32,904.78,1.71,1.73,14.68,
2001,T7,R2,S1,2,Deep,47,1328.89,1.67,1.94,366.76,
2001,T7,R2,S2,1,Surface,19,537.21,1.32,1.42,52.67,fungal growth
2001,T7,R2,S2,1,Middle,39,1102.7,1.57,1.68,116.08,
2001,T7,R2,S2,1,Deep,42,791.68,1.59,1.89,237.27,
2001,T7,R2,S2,2,Surface,9,254.47,1.36,1.38,4.44,fungal growth
2001,T7,R2,S2,2,Middle,53,1498.54,1.58,1.62,50.74,
2001,T7,R2,S2,2,Deep,38,1074.42,1.56,1.96,425.64,
2001,T7,R2,S3,1,Surface,22,622.04,1.36,1.39,18.73,fungi
2001,T7,R2,S3,1,Middle,31,311.02,1.17,1.73,172.61,
2001,T7,R2,S3,1,Deep,47,1328.89,1.66,1.79,168.13,
2001,T7,R2,S3,2,Surface,22,622.04,1.47,1.57,63.9,fungi
2001,T7,R2,S3,2,Middle,16,452.39,1.39,1.81,188.94,
2001,T7,R2,S3,2,Deep,62,1526.81,1.74,1.83,142.07,
2001,T7,R2,S4,1,Surface,19,537.21,1.49,1.55,29.7,
2001,T7,R2,S4,1,Middle,17,480.66,1.59,1.84,123.72,
2001,T7,R2,S4,1,Deep,64,1809.56,1.6,1.74,253.45,
2001,T7,R2,S4,2,Surface,19,537.21,1.29,1.34,27.08,fungi
2001,T7,R2,S4,2,Middle,20,565.49,1.56,1.63,39.72,
2001,T7,R2,S4,2,Deep,61,1724.73,1.51,1.76,436.06,
2001,T7,R2,S5,1,Surface,22,622.04,1.35,1.45,60.91,changed Ap hor depth from 13 to 22 based on natural break (texture and color)/ fungi
2001,T7,R2,S5,1,Middle,32,904.78,1.52,1.58,54.53,
2001,T7,R2,S5,1,Deep,46,1300.62,1.42,1.74,412.14,
2001,T7,R2,S5,2,Surface,19,537.21,1.45,1.5,30.74,
2001,T7,R2,S5,2,Middle,33,537.21,1.6,1.79,100.63,
2001,T7,R2,S5,2,Deep,48,1357.17,1.65,1.83,238.39,
2001,T7,R3,S1,1,Surface,22,622.04,1.4,1.43,20.85,fungal growth 
2001,T7,R3,S1,1,Middle,41,1159.25,1.69,1.73,48.85,
2001,T7,R3,S1,1,Deep,37,1046.15,1.64,1.86,225.95,
2001,T7,R3,S1,2,Surface,16,452.39,1.28,1.35,31.09,"fungal growth , large root mass"
2001,T7,R3,S1,2,Middle,59,1668.19,1.68,1.7,33.21,
2001,T7,R3,S1,2,Deep,25,706.86,1.68,1.92,170.32,
2001,T7,R3,S2,1,Surface,21,593.76,1.37,1.46,54.32,"fungal growth , large root mass"
2001,T7,R3,S2,1,Middle,48,1357.17,1.64,1.71,93.99,
2001,T7,R3,S2,1,Deep,31,876.5,1.63,1.82,166.67,
2001,T7,R3,S2,2,Surface,16,452.39,1.22,1.3,37.79,
2001,T7,R3,S2,2,Middle,66,1866.11,1.65,1.73,140.57,
2001,T7,R3,S2,2,Deep,18,508.94,1.22,1.81,303.11,
2001,T7,R3,S3,1,Surface,15,424.12,1.25,1.29,19.14,
2001,T7,R3,S3,1,Middle,36,1017.88,1.47,1.62,156.8,
2001,T7,R3,S3,1,Deep,49,1385.44,1.67,1.82,211.67,
2001,T7,R3,S3,2,Surface,14,395.84,1.54,1.61,25.76,
2001,T7,R3,S3,2,Middle,34,622.04,1.59,1.64,30.59,
2001,T7,R3,S3,2,Deep,52,1470.27,1.56,1.78,319.61,
2001,T7,R3,S4,1,Surface,11,311.02,1.14,1.17,8.14,fungal growth
2001,T7,R3,S4,1,Middle,89,2516.42,1.32,1.38,153.632,
2001,T7,R3,S4,2,Surface,23,650.31,1.49,1.52,21.6,
2001,T7,R3,S4,2,Middle,47,1328.89,1.62,1.74,161.5,
2001,T7,R3,S4,2,Deep,30,848.23,1.7,1.88,153.81,
2001,T7,R3,S5,1,Surface,11,311.02,1.42,1.45,8.41,
2001,T7,R3,S5,1,Middle,53,1498.54,1.62,1.7,112.75,
2001,T7,R3,S5,1,Deep,36,1017.88,1.47,1.93,460.34,
2001,T7,R3,S5,2,Surface,20,565.49,1.45,1.51,29.88,fungal groth
2001,T7,R3,S5,2,Middle,47,1328.89,1.64,1.72,116.35,
2001,T7,R3,S5,2,Deep,33,933.05,1.47,1.84,348.76,
2001,T7,R4,S1,1,Surface,25,706.86,1.39,1.55,114.3,large root mass
2001,T7,R4,S1,1,Middle,37,1046.15,1.45,1.65,207.43,
2001,T7,R4,S1,1,Deep,38,1074.42,1.43,1.7,288.39,
2001,T7,R4,S1,2,Surface,23,650.31,1.47,1.53,39.85,
2001,T7,R4,S1,2,Middle,35,989.6,1.6,1.75,145.42,power failure/weighed after sitting at room temp. for 13 hrs.
2001,T7,R4,S1,2,Deep,42,1187.52,1.64,1.83,218.75,
2001,T7,R4,S2,1,Surface,25,706.86,1.35,1.39,29.78,
2001,T7,R4,S2,1,Middle,43,1215.8,1.73,1.76,42.67,
2001,T7,R4,S2,1,Deep,32,904.78,1.66,1.86,174.49,
2001,T7,R4,S2,2,Surface,25,706.86,1.49,1.52,21.7,
2001,T7,R4,S2,2,Middle,51,1441.99,1.68,1.73,70.63,
2001,T7,R4,S2,2,Deep,24,678.58,1.84,1.93,60.88,
2001,T7,R4,S3,1,Surface,25,706.86,1.44,1.48,30.62,large root mass
2001,T7,R4,S3,1,Middle,39,1102.7,1.69,1.73,43.63,
2001,T7,R4,S3,1,Deep,36,1017.88,1.44,1.81,373.38,
2001,T7,R4,S3,2,Surface,23,650.31,1.43,1.46,19.1,
2001,T7,R4,S3,2,Middle,37,1046.15,1.69,1.74,49.06,
2001,T7,R4,S3,2,Deep,40,1130.97,1.59,1.76,193.64,
2001,T7,R4,S4,1,Surface,21,593.76,1.37,1.5,78.01,
2001,T7,R4,S4,1,Middle,30,848.23,1.61,1.64,23.87,
2001,T7,R4,S4,1,Deep,49,1385.44,1.54,1.74,281.22,
2001,T7,R4,S4,2,Surface,23,650.31,1.46,1.5,32.22,
2001,T7,R4,S4,2,Middle,26,735.13,1.86,1.93,49.45,
2001,T7,R4,S4,2,Deep,51,1441.99,1.55,1.81,372.68,
2001,T7,R4,S5,1,Surface,21,593.76,1.37,1.41,22.56,
2001,T7,R4,S5,1,Middle,41,1159.25,1.5,1.65,175.44,
2001,T7,R4,S5,1,Deep,38,1074.42,1.59,1.81,232.38,
2001,T7,R4,S5,2,Surface,24,678.58,1.34,1.36,20.22,
2001,T7,R4,S5,2,Middle,54,1526.81,1.71,1.75,61.38,
2001,T7,R4,S5,2,Deep,22,622.04,1.33,1.84,319.79,
2001,T7,R5,S1,1,Surface,22,622.04,1.55,1.59,24.06,
2001,T7,R5,S1,1,Middle,32,904.78,1.52,1.56,35.33,
2001,T7,R5,S1,1,Deep,46,1300.62,1.55,1.82,338.73,
2001,T7,R5,S1,2,Surface,19,537.21,1.49,1.54,28.03,moss
2001,T7,R5,S1,2,Middle,36,1017.88,1.59,1.63,44.22,
2001,T7,R5,S1,2,Deep,45,1272.35,1.44,1.82,483.37,
2001,T7,R5,S2,1,Surface,24,678.58,1.52,1.55,24.04,
2001,T7,R5,S2,1,Middle,38,1074.42,1.4,1.59,206.55,
2001,T7,R5,S2,1,Deep,38,1074.42,1.61,1.84,246.58,
2001,T7,R5,S2,2,Surface,26,735.13,1.56,1.63,50.8,
2001,T7,R5,S2,2,Middle,32,904.78,1.41,1.67,232.77,
2001,T7,R5,S2,2,Deep,42,1187.52,1.58,1.77,229.64,
2001,T7,R5,S3,1,Surface,22,622.04,1.54,1.57,16.58,
2001,T7,R5,S3,1,Middle,18,508.94,1.71,1.83,60.84,
2001,T7,R5,S3,1,Deep,60,1696.46,1.63,1.75,208.11,
2001,T7,R5,S3,2,Surface,20,565.49,1.64,1.74,57.4,
2001,T7,R5,S3,2,Middle,17,480.66,1.66,1.83,80.19,
2001,T7,R5,S3,2,Deep,63,1781.28,1.66,1.76,184.68,
2001,T7,R5,S4,1,Surface,23,650.31,1.46,1.63,109.77,
2001,T7,R5,S4,1,Middle,31,876.5,1.67,1.71,35.67,
2001,T7,R5,S4,1,Deep,46,1300.62,1.61,1.69,105.03,
2001,T7,R5,S4,2,Surface,22,622.04,1.61,1.67,32.42,
2001,T7,R5,S4,2,Middle,19,537.21,1.73,1.82,51.77,
2001,T7,R5,S4,2,Deep,59,1668.19,1.68,1.78,172.9,
2001,T7,R5,S5,1,Surface,24,678.58,1.42,1.45,16.98,
2001,T7,R5,S5,1,Middle,59,1668.19,1.59,1.63,74.38,
2001,T7,R5,S5,1,Deep,17,480.66,1.71,1.86,71.01,
2001,T7,R5,S5,2,Surface,21,593.76,1.45,1.47,11.97,
2001,T7,R5,S5,2,Middle,38,1074.42,1.5,1.55,60.99,
2001,T7,R5,S5,2,Deep,41,1159.25,1.65,1.81,193.2,
2001,T7,R6,S1,1,Surface,24,678.58,1.58,1.69,76.22,large root mass
2001,T7,R6,S1,1,Middle,27,763.41,1.79,1.93,111,
2001,T7,R6,S1,1,Deep,49,1385.44,1.71,1.87,215.17,
2001,T7,R6,S1,2,Surface,23,650.31,1.42,1.69,176.1,root mas  3 cm
2001,T7,R6,S1,2,Middle,31,876.5,1.82,1.85,24.45,
2001,T7,R6,S1,2,Deep,46,1300.62,1.73,1.85,144.82,
2001,T7,R6,S2,1,Surface,24,678.58,1.53,1.56,25.17,
2001,T7,R6,S2,1,Middle,27,763.41,1.81,1.89,61.86,
2001,T7,R6,S2,1,Deep,49,1385.44,1.62,1.77,220.8,
2001,T7,R6,S2,2,Surface,24,678.58,1.5,1.54,32.61,
2001,T7,R6,S2,2,Middle,33,933.05,1.8,1.86,63.59,
2001,T7,R6,S2,2,Deep,43,1215.8,1.67,1.75,100.31,
2001,T7,R6,S3,1,Surface,21,593.76,1.54,1.57,16.95,
2001,T7,R6,S3,1,Middle,24,678.58,1.69,1.83,98.49,
2001,T7,R6,S3,1,Deep,49,1385.44,1.67,1.83,221.09,compressed only goes to 94
2001,T7,R6,S3,2,Surface,22,622.04,1.71,1.75,23.75,
2001,T7,R6,S3,2,Middle,26,735.13,1.74,1.78,30.04,
2001,T7,R6,S3,2,Deep,52,1470.27,1.79,1.84,74.61,
2001,T7,R6,S4,1,Surface,24,678.58,1.44,1.47,19.83,
2001,T7,R6,S4,1,Middle,35,989.6,1.7,1.73,33.78,
2001,T7,R6,S4,1,Deep,41,1159.25,1.59,1.7,128.05,
2001,T7,R6,S4,2,Surface,25,706.86,1.51,1.6,61.59,
2001,T7,R6,S4,2,Middle,35,989.6,1.93,1.97,40.12,
2001,T7,R6,S4,2,Deep,40,1130.97,1.58,1.64,57.11,
2001,T7,R6,S5,1,Surface,25,706.86,1.41,1.46,40.2,changed from 30cm to 25 based on color and texture
2001,T7,R6,S5,1,Middle,24,678.58,1.75,2,171.62,
2001,T7,R6,S5,1,Deep,51,1187.52,1.73,2.03,354.95,
2001,T7,R6,S5,2,Surface,25,706.86,1.41,1.49,59.1,
2001,T7,R6,S5,2,Middle,43,1215.8,1.72,1.86,179.77,
2001,T7,R6,S5,2,Deep,32,904.78,1.64,1.75,104.92,
2001,T8,R1,S1,1,Surface,18,508.94,1.32,1.4,38.11,
2001,T8,R1,S1,1,Middle,23,650.31,1.57,1.61,21.78,
2001,T8,R1,S1,1,Deep,59,1668.19,1.51,1.73,373.43,
2001,T8,R1,S1,2,Surface,12,339.29,1.32,1.39,24.87,
2001,T8,R1,S1,2,Middle,37,1046.15,1.48,1.58,110.43,
2001,T8,R1,S1,2,Deep,51,1441.99,1.48,1.75,398.2,
2001,T8,R1,S2,1,Surface,11,311.02,1.23,1.3,21.27,
2001,T8,R1,S2,1,Middle,31,876.5,1.6,1.62,21.04,
2001,T8,R1,S2,1,Deep,58,1639.91,1.62,1.81,312.89,
2001,T8,R1,S2,2,Surface,13,367.57,1.31,1.35,15.04,
2001,T8,R1,S2,2,Middle,36,1017.88,1.69,1.7,15.32,horiz length from  26 to 13 
2001,T8,R1,S2,2,Deep,51,1441.99,1.61,1.77,235.24,
2001,T8,R1,S3,1,Surface,14,395.84,1.28,1.33,19.37,large root mass
2001,T8,R1,S3,1,Middle,31,876.5,1.63,1.69,45.99,
2001,T8,R1,S3,1,Deep,55,1555.09,1.6,1.74,229.96,
2001,T8,R1,S3,2,Surface,12,339.29,1.2,1.22,8.01,
2001,T8,R1,S3,2,Middle,37,1046.15,1.6,1.66,65.24,
2001,T8,R1,S3,2,Deep,51,1074.42,1.52,1.74,237.39,
2001,T8,R1,S4,1,Surface,25,706.86,1.22,1.25,20.18,
2001,T8,R1,S4,1,Middle,22,622.04,1.61,1.69,48.69,
2001,T8,R1,S4,1,Deep,53,1498.54,1.58,1.75,252.1,
2001,T8,R1,S4,2,Surface,11,311.02,1.23,1.27,12.06,
2001,T8,R1,S4,2,Middle,40,1130.97,1.6,1.65,51.75,
2001,T8,R1,S4,2,Deep,49,1385.44,1.61,1.78,234.77,
2001,T8,R1,S5,1,Surface,11,311.02,1.25,1.29,10.96,
2001,T8,R1,S5,1,Middle,38,1074.42,1.61,1.67,61.2,
2001,T8,R1,S5,1,Deep,51,1441.99,1.59,1.77,266.48,
2001,T8,R1,S5,2,Surface,10,282.74,1.28,1.29,4.64,
2001,T8,R1,S5,2,Middle,34,961.33,1.56,1.64,76.18,
2001,T8,R1,S5,2,Deep,56,1583.36,1.59,1.78,298.75,charcoal
2001,T8,R2,S1,1,Surface,12,339.29,1.13,1.17,11.84,root mass
2001,T8,R2,S1,1,Middle,35,989.6,1.58,1.62,32.25,
2001,T8,R2,S1,1,Deep,53,1498.54,1.55,1.76,318.16,
2001,T8,R2,S1,2,Surface,9,254.47,1.17,1.22,12.02,root mass
2001,T8,R2,S1,2,Middle,33,933.05,1.58,1.61,28.4,
2001,T8,R2,S1,2,Deep,58,1639.91,1.5,1.74,391.72,
2001,T8,R2,S2,1,Surface,12,339.29,1.21,1.25,12.92,
2001,T8,R2,S2,1,Middle,46,1300.62,1.63,1.68,63.75,
2001,T8,R2,S2,1,Deep,42,1187.52,1.58,1.76,212.99,
2001,T8,R2,S2,2,Surface,12,339.29,1.24,1.37,46.13,
2001,T8,R2,S2,2,Middle,37,1046.15,1.58,1.63,52.03,
2001,T8,R2,S2,2,Deep,51,1441.99,1.55,1.74,272.87,
2001,T8,R2,S3,1,Surface,16,452.39,1.2,1.25,23.13,
2001,T8,R2,S3,1,Middle,35,989.6,1.56,1.6,35.45,
2001,T8,R2,S3,1,Deep,49,1385.44,1.44,1.68,332.79,
2001,T8,R2,S3,2,Surface,17,480.66,1.14,1.19,23.43,
2001,T8,R2,S3,2,Middle,35,989.6,1.5,1.74,244.08,
2001,T8,R2,S3,2,Deep,48,1357.17,1.55,1.76,284.43,
2001,T8,R2,S4,1,Surface,17,480.66,1.14,1.19,22.63,
2001,T8,R2,S4,1,Middle,43,1215.8,1.62,1.69,80.98,horizon end changed from 48 to 60
2001,T8,R2,S4,1,Deep,40,1130.97,1.59,1.69,117.31,
2001,T8,R2,S4,2,Surface,15,424.12,1.2,1.22,10.92,
2001,T8,R2,S4,2,Middle,38,1074.42,1.5,1.64,153.19,horizon end changed from 47 to 53
2001,T8,R2,S4,2,Deep,47,1328.89,1.46,1.72,345.89,
2001,T8,R2,S5,1,Surface,15,424.12,1.24,1.31,27.68,
2001,T8,R2,S5,1,Middle,31,876.5,1.67,1.69,18.92,
2001,T8,R2,S5,1,Deep,54,1526.81,1.45,1.61,238.19,
2001,T8,R2,S5,2,Surface,16,452.39,1.32,1.37,23.69,
2001,T8,R2,S5,2,Middle,44,1244.07,1.52,1.57,53.46,
2001,T8,R2,S5,2,Deep,40,1130.97,1.43,1.78,401.5,
2001,T8,R3,S1,1,Surface,23,650.31,1.28,1.31,21.71,
2001,T8,R3,S1,1,Middle,34,961.33,1.62,1.63,17.2,
2001,T8,R3,S1,1,Deep,43,1215.8,1.77,1.78,18.78,
2001,T8,R3,S1,2,Surface,11,311.02,1.26,1.3,10.37,
2001,T8,R3,S1,2,Middle,45,1272.35,1.56,1.59,28.13,charcoal
2001,T8,R3,S1,2,Deep,44,1244.07,1.65,1.75,124,
2001,T8,R3,S2,1,Surface,11,311.02,1.04,1.11,21.28,
2001,T8,R3,S2,1,Middle,35,989.6,1.59,1.65,61.62,
2001,T8,R3,S2,1,Deep,54,1526.81,1.66,1.79,191.37,
2001,T8,R3,S2,2,Surface,13,367.57,1.18,1.22,11.48,
2001,T8,R3,S2,2,Middle,39,1102.7,1.66,1.69,27.3,
2001,T8,R3,S2,2,Deep,48,1357.17,1.54,1.8,362.02,
2001,T8,R3,S3,1,Surface,12,339.29,1.17,1.22,16.43,
2001,T8,R3,S3,1,Middle,31,876.5,1.47,1.57,87.35,
2001,T8,R3,S3,1,Deep,57,1611.64,1.55,1.75,320.46,
2001,T8,R3,S3,2,Surface,18,508.94,1.05,1.09,21.06,
2001,T8,R3,S3,2,Middle,32,904.78,1.56,1.61,43.7,
2001,T8,R3,S3,2,Deep,50,1413.72,1.6,1.76,232.74,
2001,T8,R3,S4,1,Surface,13,367.57,1.06,1.08,7.49,
2001,T8,R3,S4,1,Middle,40,1130.97,1.46,1.54,99.39,
2001,T8,R3,S4,1,Deep,47,1328.89,1.37,1.61,325.89,
2001,T8,R3,S4,2,Surface,13,367.57,1.01,1.05,12.9,
2001,T8,R3,S4,2,Middle,39,1102.7,1.61,1.64,30.16,
2001,T8,R3,S4,2,Deep,48,1357.17,1.56,1.75,251.2,
2001,T8,R3,S5,1,Surface,10,282.74,1.13,1.19,16.75,
2001,T8,R3,S5,1,Middle,33,933.05,1.59,1.68,84.5,
2001,T8,R3,S5,1,Deep,57,1611.64,1.63,1.77,229.3,
2001,T8,R3,S5,2,Surface,22,622.04,1.11,1.17,38.3,
2001,T8,R3,S5,2,Middle,27,763.41,1.6,1.66,43.98,
2001,T8,R3,S5,2,Deep,51,1441.99,1.52,1.74,313.07,
2001,T8,R4,S1,1,Surface,19,537.21,1.25,1.36,56.36,
2001,T8,R4,S1,1,Middle,27,763.41,1.62,1.77,116.1,
2001,T8,R4,S1,1,Deep,54,1526.81,1.43,1.64,315.69,
2001,T8,R4,S1,2,Surface,15,424.12,1.2,1.22,7.64,
2001,T8,R4,S1,2,Middle,31,876.5,1.58,1.7,97.67,
2001,T8,R4,S1,2,Deep,54,1526.81,1.52,1.73,319.46,
2001,T8,R4,S2,1,Surface,14,395.84,1.33,1.37,16.94,
2001,T8,R4,S2,1,Middle,35,989.6,1.79,1.84,44.84,
2001,T8,R4,S2,1,Deep,51,1441.99,1.33,1.64,445.28,
2001,T8,R4,S2,2,Surface,14,395.84,1.35,1.39,15.12,
2001,T8,R4,S2,2,Middle,32,904.78,1.61,1.72,98.39,
2001,T8,R4,S2,2,Deep,54,1526.81,1.3,1.59,445.56,
2001,T8,R4,S3,1,Middle,38,1074.42,1.66,1.71,51.18,
2001,T8,R4,S3,1,Deep,49,1385.44,1.74,1.78,64.35,
2001,T8,R4,S3,2,Surface,15,424.12,1.1,1.17,29.4,
2001,T8,R4,S3,2,Middle,38,1074.42,1.6,1.66,70.18,charcoal
2001,T8,R4,S3,2,Deep,47,1328.89,1.74,1.81,91.77,
2001,T8,R4,S4,1,Surface,14,395.84,1.32,1.34,9.23,compressed to 96cm
2001,T8,R4,S4,1,Middle,33,933.05,1.69,1.74,42.66,
2001,T8,R4,S4,1,Deep,49,1385.44,1.56,1.72,217.95,
2001,T8,R4,S4,2,Surface,13,367.57,1.26,1.31,17.95,
2001,T8,R4,S4,2,Middle,39,1102.7,1.69,1.83,153.92,
2001,T8,R4,S4,2,Deep,48,1357.17,1.59,1.82,316.27,
2001,T8,R4,S5,1,Surface,11,311.02,1.31,1.37,16.73,
2001,T8,R4,S5,1,Middle,32,904.78,1.67,1.81,120.14,
2001,T8,R4,S5,1,Deep,57,1611.64,1.49,1.69,320.94,
2001,T8,R4,S5,2,Surface,16,452.39,1.26,1.31,22.35,
2001,T8,R4,S5,2,Middle,33,933.05,1.71,1.79,70.22,
2001,T8,R4,S5,2,Deep,51,1441.99,1.6,1.79,274,
2001,TCF,R1,S1,1,Surface,25,706.86,1.15,1.21,40.7,
2001,TCF,R1,S1,1,Middle,56,1583.36,1.69,1.77,126.02,
2001,TCF,R1,S1,1,Deep,19,537.21,1.7,1.74,25.05,
2001,TCF,R1,S1,2,Surface,28,791.68,1.35,1.43,64.48,
2001,TCF,R1,S1,2,Middle,19,537.21,1.52,1.63,56.92,
2001,TCF,R1,S1,2,Deep,49,1385.44,1.73,1.88,203.94,comp
2001,TCF,R1,S2,1,Surface,31,876.5,1.32,1.37,40.72,
2001,TCF,R1,S2,1,Middle,44,1244.07,1.77,1.86,107.57,
2001,TCF,R1,S2,1,Deep,25,706.86,1.74,1.78,29.5,
2001,TCF,R1,S2,2,Surface,30,848.23,1.34,1.45,92.62,
2001,TCF,R1,S2,2,Middle,55,1555.09,1.74,1.84,156.39,
2001,TCF,R1,S2,2,Deep,15,424.12,1.58,1.6,9.76,
2001,TCF,R1,S3,1,Surface,19,537.21,1.4,1.49,49.39,
2001,TCF,R1,S3,1,Middle,22,622.04,1.71,1.88,111.49,
2001,TCF,R1,S3,1,Deep,53,1498.54,1.76,1.83,98.27,comp
2001,TCF,R1,S3,2,Surface,22,622.04,1.31,1.38,44.64,
2001,TCF,R1,S3,2,Middle,59,1668.19,1.73,1.79,110.07,
2001,TCF,R1,S3,2,Deep,15,424.12,1.72,1.82,42.98,comp
2001,TCF,R1,S4,1,Surface,23,650.31,1.24,1.38,96.61,
2001,TCF,R1,S4,1,Middle,12,339.29,1.74,1.74,1.27,
2001,TCF,R1,S4,1,Deep,65,1837.83,1.74,1.82,140.32,
2001,TCF,R1,S4,2,Surface,17,480.66,1.28,1.43,71.94,
2001,TCF,R1,S4,2,Middle,58,1639.91,1.75,1.81,90.47,
2001,TCF,R1,S4,2,Deep,25,706.86,1.71,1.81,71.22,
2001,TCF,R1,S5,1,Surface,18,508.94,1.35,1.51,79.43,
2001,TCF,R1,S5,1,Middle,31,876.5,1.49,1.73,211.12,
2001,TCF,R1,S5,1,Deep,51,1441.99,1.66,1.76,134.19,
2001,TCF,R1,S5,2,Surface,21,339.29,1.27,1.39,43.07,
2001,TCF,R1,S5,2,Middle,37,1046.15,1.56,1.79,249.26,
2001,TCF,R1,S5,2,Deep,37,1046.15,1.58,1.61,29.02,comp
2001,TCF,R2,S1,1,Surface,25,706.86,1.4,1.44,25.04,
2001,TCF,R2,S1,1,Middle,58,1639.91,1.85,1.92,102.46,
2001,TCF,R2,S1,1,Deep,17,480.66,1.97,1.98,9.31,
2001,TCF,R2,S1,2,Surface,25,706.86,1.55,1.58,19.61,
2001,TCF,R2,S1,2,Middle,42,1187.52,1.82,1.93,137.04,
2001,TCF,R2,S1,2,Deep,33,933.05,1.82,1.84,25.63,
2001,TCF,R2,S2,1,Surface,18,508.94,1.38,1.41,17.78,
2001,TCF,R2,S2,1,Middle,40,1130.97,1.73,1.8,80.68,
2001,TCF,R2,S2,1,Deep,42,1187.52,1.84,1.88,57.49,
2001,TCF,R2,S2,2,Surface,16,452.39,1.14,1.17,15.07,
2001,TCF,R2,S2,2,Middle,44,1244.07,1.74,1.82,101.01,
2001,TCF,R2,S2,2,Deep,40,1130.97,1.81,1.87,63.38,
2001,TCF,R2,S3,1,Surface,17,480.66,1.35,1.4,23.37,
2001,TCF,R2,S3,1,Middle,35,989.6,1.76,1.81,55.18,
2001,TCF,R2,S3,1,Deep,48,1357.17,1.76,1.81,61.28,
2001,TCF,R2,S3,2,Surface,15,424.12,1.4,1.42,8.02,
2001,TCF,R2,S3,2,Middle,41,1159.25,1.73,1.8,85.12,
2001,TCF,R2,S3,2,Deep,44,1244.07,1.84,1.88,46.28,
2001,TCF,R2,S4,1,Surface,10,282.74,1.33,1.37,12.61,
2001,TCF,R2,S4,1,Middle,41,1159.25,1.67,1.73,78,
2001,TCF,R2,S4,1,Deep,49,1385.44,1.79,1.8,18.63,
2001,TCF,R2,S4,2,Surface,12,339.29,1.26,1.53,91.4,
2001,TCF,R2,S4,2,Middle,35,989.6,1.81,1.85,40.31,
2001,TCF,R2,S4,2,Deep,53,1498.54,1.71,1.78,105.98,
2001,TCF,R2,S5,1,Surface,28,791.68,1.51,1.54,21.09,
2001,TCF,R2,S5,1,Middle,26,735.13,1.95,1.97,18.23,
2001,TCF,R2,S5,1,Deep,46,1300.62,1.74,1.84,136.2,
2001,TCF,R2,S5,2,Surface,26,735.13,1.46,1.49,21.7,
2001,TCF,R2,S5,2,Middle,31,876.5,1.71,1.77,55.01,
2001,TCF,R2,S5,2,Deep,43,1215.8,1.84,1.9,66.08,
2001,TCF,R3,S1,1,Surface,27,763.41,1.46,1.52,50.9,
2001,TCF,R3,S1,1,Middle,22,622.04,1.72,1.91,118.5,
2001,TCF,R3,S1,1,Deep,51,1441.99,1.73,1.8,95.47,
2001,TCF,R3,S1,2,Surface,21,593.76,1.51,1.56,29.61,
2001,TCF,R3,S1,2,Middle,33,933.05,1.74,1.85,101.44,
2001,TCF,R3,S1,2,Deep,46,1300.62,1.68,1.72,52.01,
2001,TCF,R3,S2,1,Surface,25,706.86,1.4,1.44,28.93,comp
2001,TCF,R3,S2,1,Deep,63,1781.28,1.65,1.8,254.35,
2001,TCF,R3,S2,2,Surface,18,508.94,1.34,1.37,16.85, 
2001,TCF,R3,S2,2,Middle,5,141.37,1.49,1.57,11.32,
2001,TCF,R3,S2,2,Deep,77,1753.01,1.65,1.71,112.14,
2001,TCF,R3,S3,1,Surface,19,537.21,1.47,1.5,18.86,
2001,TCF,R3,S3,1,Middle,17,480.66,1.66,1.88,103.17,
2001,TCF,R3,S3,1,Deep,59,1668.19,1.75,1.87,204.78,comp
2001,TCF,R3,S3,2,Surface,21,593.76,1.41,1.53,71.08,
2001,TCF,R3,S3,2,Middle,21,593.76,1.85,1.95,60.46,
2001,TCF,R3,S3,2,Deep,58,1639.91,1.66,1.8,243.89,
2001,TCF,R3,S4,1,Surface,19,537.21,1.51,1.54,14.81,
2001,TCF,R3,S4,1,Middle,15,424.12,1.72,1.86,59.44,
2001,TCF,R3,S4,1,Deep,66,1866.11,1.59,1.75,303.41,
2001,TCF,R3,S4,2,Surface,19,537.21,1.42,1.6,95.08,
2001,TCF,R3,S4,2,Middle,32,904.78,1.78,1.86,78.3,
2001,TCF,R3,S4,2,Deep,49,1385.44,1.69,1.79,141.18,
2001,TCF,R3,S5,1,Surface,20,565.49,1.5,1.53,18.86,
2001,TCF,R3,S5,1,Middle,33,933.05,1.76,1.83,71.04,
2001,TCF,R3,S5,1,Deep,47,1328.89,1.63,1.72,120.37,
2001,TCF,R3,S5,2,Surface,21,593.76,1.57,1.59,13.52,
2001,TCF,R3,S5,2,Middle,32,904.78,1.81,1.82,7.46,
2001,TCF,R3,S5,2,Deep,47,1328.89,1.68,1.83,195.53,
2001,TDF,R1,S1,1,Surface,24,678.58,1.37,1.42,29.31,
2001,TDF,R1,S1,1,Middle,44,1244.07,1.82,1.83,12.65,
2001,TDF,R1,S1,1,Deep,32,904.78,1.64,1.66,21.34,
2001,TDF,R1,S1,2,Surface,15,424.12,1.31,1.33,11.26,
2001,TDF,R1,S1,2,Middle,30,848.23,1.58,1.75,139.43,fungi
2001,TDF,R1,S1,2,Deep,55,1555.09,1.54,1.7,249.2,
2001,TDF,R1,S2,1,Surface,11,311.02,1.22,1.25,9.51,
2001,TDF,R1,S2,1,Middle,55,1555.09,1.71,1.74,51.61,
2001,TDF,R1,S2,1,Deep,34,961.33,1.78,1.86,74.74,
2001,TDF,R1,S2,2,Surface,9,254.47,1.66,1.7,8.76,
2001,TDF,R1,S2,2,Middle,55,1555.09,1.71,1.73,34.34,
2001,TDF,R1,S2,2,Deep,36,1017.88,1.58,1.59,6.02,
2001,TDF,R1,S3,1,Surface,12,339.29,1.43,1.48,16.39,
2001,TDF,R1,S3,1,Middle,41,1159.25,1.61,1.65,48.66,
2001,TDF,R1,S3,1,Deep,47,1328.89,1.62,1.66,42.86,
2001,TDF,R1,S3,2,Surface,17,480.66,1.12,1.13,6.52,
2001,TDF,R1,S3,2,Middle,24,678.58,1.49,1.51,18.15,
2001,TDF,R1,S3,2,Deep,55,1555.09,1.63,1.79,244.48,comp
2001,TDF,R1,S4,1,Surface,20,565.49,1.38,1.4,11.56,
2001,TDF,R1,S4,1,Middle,27,763.41,1.86,1.92,45.43,
2001,TDF,R1,S4,1,Deep,53,1498.54,1.56,1.66,154.13,
2001,TDF,R1,S4,2,Surface,13,367.57,1.32,1.39,27.23,
2001,TDF,R1,S4,2,Middle,30,848.23,1.59,1.64,42.3,
2001,TDF,R1,S4,2,Deep,57,1611.64,1.63,1.68,77.55,
2001,TDF,R1,S5,1,Surface,6,169.65,1.27,1.28,0.96,
2001,TDF,R1,S5,1,Middle,34,961.33,1.42,1.51,84.39,
2001,TDF,R1,S5,1,Deep,60,1696.46,1.6,1.7,175.07,
2001,TDF,R1,S5,2,Surface,17,480.66,1.21,1.24,12.48,
2001,TDF,R1,S5,2,Middle,33,933.05,1.63,1.71,77.76,fungi
2001,TDF,R1,S5,2,Deep,50,1413.72,1.74,1.75,9.63,
2001,TDF,R2,S1,1,Surface,18,508.94,1.37,1.38,6.66,comp
2001,TDF,R2,S1,1,Middle,37,1046.15,1.69,1.77,75.68,
2001,TDF,R2,S1,1,Deep,39,1102.7,1.58,1.77,215.14,
2001,TDF,R2,S1,2,Surface,15,424.12,1.28,1.31,13.26,12.5 cm comp
2001,TDF,R2,S1,2,Middle,60,1696.46,1.68,1.75,125.48,
2001,TDF,R2,S1,2,Deep,12.5,353.43,1.67,1.98,109.01,
2001,TDF,R2,S2,1,Surface,23,650.31,1.22,1.25,16.9,
2001,TDF,R2,S2,1,Middle,20,565.49,1.3,1.32,11.51,
2001,TDF,R2,S2,1,Deep,57,1611.64,1.7,1.73,41.44,
2001,TDF,R2,S2,2,Surface,16,452.39,1.15,1.17,11.42,comp
2001,TDF,R2,S2,2,Middle,29,819.96,1.51,1.52,14.84,
2001,TDF,R2,S2,2,Deep,52,1470.27,1.65,1.72,93.15,
2001,TDF,R2,S3,1,Surface,12,339.29,1.28,1.31,8.63,comp
2001,TDF,R2,S3,1,Middle,19,537.21,1.4,1.45,28.93,
2001,TDF,R2,S3,1,Deep,59,1668.19,1.68,1.72,64.94,
2001,TSF,R3,S2,2,Deep,47,1328.89,1.74,1.76,29.52,
2001,TDF,R2,S3,2,Surface,20,565.49,1.28,1.3,12.26,comp
2001,TDF,R2,S3,2,Middle,27,763.41,1.49,1.52,21.77,
2001,TDF,R2,S3,2,Deep,43,1215.8,1.7,1.75,59.27,
2001,TDF,R2,S4,1,Surface,22,622.04,1.31,1.33,9.54,
2001,TDF,R2,S4,1,Middle,57,1611.64,1.67,1.75,127.63,
2001,TDF,R2,S4,1,Deep,21,593.76,1.76,1.84,47.44,
2001,TDF,R2,S4,2,Surface,19,537.21,1.23,1.29,31.96,comp
2001,TDF,R2,S4,2,Middle,40,1130.97,1.51,1.63,126.81,
2001,TDF,R2,S4,2,Deep,35,989.6,1.54,1.75,209.5,
2001,TDF,R2,S5,1,Surface,15,424.12,1.24,1.27,11.38,comp
2001,TDF,R2,S5,1,Middle,36,1017.88,1.54,1.58,36.22,
2001,TDF,R2,S5,1,Deep,39,1102.7,1.7,1.74,50.39,
2001,TDF,R2,S5,2,Surface,18,508.94,1.31,1.33,13.02,comp
2001,TDF,R2,S5,2,Middle,18,508.94,1.47,1.58,56,mold
2001,TDF,R2,S5,2,Deep,52,1470.27,1.7,1.72,32.35,
2001,TDF,R3,S1,1,Surface,14,395.84,1.22,1.24,8.46,
2001,TDF,R3,S1,1,Middle,37,1046.15,1.78,1.85,73.26,
2001,TDF,R3,S1,1,Deep,49,1385.44,1.61,1.67,85.35,
2001,TDF,R3,S1,2,Surface,13,367.57,1.3,1.35,17.39,
2001,TDF,R3,S1,2,Middle,47,1328.89,1.89,1.95,87.66,
2001,TDF,R3,S1,2,Deep,40,1130.97,1.62,1.75,154.1,
2001,TDF,R3,S2,1,Surface,14,395.84,1.39,1.42,13.32,
2001,TDF,R3,S2,1,Middle,33,933.05,1.67,1.69,16.93,
2001,TDF,R3,S2,1,Deep,53,1498.54,1.73,1.74,22.16,
2001,TDF,R3,S2,2,Surface,21,593.76,1.25,1.26,8.95,
2001,TDF,R3,S2,2,Middle,42,1187.52,1.77,1.8,32.08,
2001,TDF,R3,S2,2,Deep,37,1046.15,1.74,1.8,63.55,
2001,TDF,R3,S3,1,Surface,22,622.04,1.34,1.38,23.68,
2001,TDF,R3,S3,1,Middle,36,1017.88,1.82,1.85,35.23,
2001,TDF,R3,S3,1,Deep,42,1187.52,1.6,1.62,22.86,
2001,TDF,R3,S3,2,Surface,20,565.49,1.24,1.28,22.32,
2001,TDF,R3,S3,2,Middle,30,848.23,1.74,1.82,61.89,
2001,TDF,R3,S3,2,Deep,50,1413.72,1.76,1.78,26.62,
2001,TDF,R3,S4,1,Surface,17,480.66,1.34,1.35,5.35,
2001,TDF,R3,S4,1,Middle,68,1922.65,1.72,1.74,56.27,
2001,TDF,R3,S4,1,Deep,15,424.12,1.76,1.97,89.13,
2001,TDF,R3,S4,2,Surface,16,452.39,1.33,1.4,30.85,
2001,TDF,R3,S4,2,Middle,56,1583.36,1.8,1.83,55.81,
2001,TDF,R3,S4,2,Deep,28,791.68,1.8,1.96,130.05,
2001,TDF,R3,S5,1,Surface,21,593.76,1.44,1.46,16.55,
2001,TDF,R3,S5,1,Middle,70,1979.2,1.8,1.85,97.35,
2001,TDF,R3,S5,1,Deep,9,254.47,1.24,1.25,1.27,
2001,TDF,R3,S5,2,Surface,26,735.13,1.55,1.61,44.23,comp
2001,TDF,R3,S5,2,Middle,64,1809.56,1.88,1.94,112.22,gap between 48-52cm
2001,TDF,R3,S5,2,Deep,0,0,,,,no deep profile
2001,TSF,R1,S1,1,Surface,24,678.58,1.48,1.58,66.22,
2001,TSF,R1,S1,1,Deep,23,650.31,1.82,2.04,145.86,
2001,TSF,R1,S1,2,Surface,30,848.23,1.38,1.5,98.12,
2001,TSF,R1,S1,2,Middle,15,424.12,1.99,2.1,46.71,
2001,TSF,R1,S1,2,Deep,45,1272.35,1.62,1.99,471.23,
2001,TSF,R1,S2,1,Surface,29,819.96,1.53,1.58,36.89,
2001,TSF,R1,S2,1,Middle,38,1074.42,1.94,1.99,46.72,
2001,TSF,R1,S2,1,Deep,25,706.86,1.88,1.97,60.3,
2001,TSF,R1,S2,2,Surface,30,848.23,1.46,1.57,91.34,
2001,TSF,R1,S2,2,Middle,44,1244.07,1.99,2.08,110.26,
2001,TSF,R1,S2,2,Deep,17,480.66,1.58,1.63,23.55,
2001,TSF,R1,S3,1,Surface,23,650.31,1.42,1.58,103.58,root mass/ comp
2001,TSF,R1,S3,1,Deep,33,933.05,1.69,1.8,99.71,
2001,TSF,R1,S3,2,Surface,23,650.31,1.54,1.62,55.97,root mass/ comp
2001,TSF,R1,S3,2,Middle,44,1244.07,1.9,1.97,95.2, 
2001,TSF,R1,S3,2,Deep,23,650.31,1.38,1.91,347.17,
2001,TSF,R1,S4,1,Surface,25,706.86,1.31,1.43,85.9,
2001,TSF,R1,S4,1,Deep,32,904.78,1.89,1.92,31.5,
2001,TSF,R1,S4,2,Surface,28,791.68,1.49,1.58,73.68,comp
2001,TSF,R1,S4,2,Deep,29,819.96,1.64,1.69,47.33,
2001,TSF,R1,S5,1,Surface,18,508.94,1.54,1.6,30.63,comp
2001,TSF,R1,S5,1,Deep,31,876.5,1.74,1.79,47.44,
2001,TSF,R1,S5,2,Surface,21,593.76,1.59,1.64,31.72,10 cm compaction
2001,TSF,R1,S5,2,Middle,43,1215.8,1.99,2.04,63.34,
2001,TSF,R1,S5,2,Deep,26,735.13,1.7,1.84,102.8,
2001,TSF,R2,S1,1,Surface,20,565.49,1.44,1.56,67.16,
2001,TSF,R2,S1,1,Middle,18,508.94,1.75,1.76,3.23,
2001,TSF,R2,S1,1,Deep,58,1639.91,1.81,1.83,33.47,comp
2001,TSF,R2,S1,2,Surface,18,508.94,1.51,1.54,16.16,
2001,TSF,R2,S1,2,Middle,13,367.57,1.77,1.8,12.19,
2001,TSF,R2,S1,2,Deep,69,1950.93,1.72,1.78,101.65,
2001,TSF,R2,S2,1,Surface,20,565.49,1.21,1.4,107.98,
2001,TSF,R2,S2,1,Middle,27,763.41,1.74,1.79,39.75,
2001,TSF,R2,S2,1,Deep,53,1498.54,1.74,1.79,69.59,
2001,TSF,R2,S2,2,Surface,16,452.39,1.21,1.41,87.8,
2001,TSF,R2,S2,2,Middle,29,819.96,1.55,1.61,52.7,
2001,TSF,R2,S2,2,Deep,55,1555.09,1.71,1.77,93.22,
2001,TSF,R2,S3,1,Surface,21,593.76,1.35,1.4,25.37,
2001,TSF,R2,S3,1,Middle,34,622.04,1.77,1.79,15.16,
2001,TSF,R2,S3,1,Deep,45,1272.35,1.7,1.85,199.55,
2001,TSF,R2,S3,2,Surface,20,565.49,1.3,1.47,94.17,
2001,TSF,R2,S3,2,Middle,28,791.68,1.76,1.81,38.92,
2001,TSF,R2,S3,2,Deep,52,1470.27,1.51,1.69,276.4,
2001,TSF,R2,S4,1,Surface,19,537.21,1.46,1.51,27.56,
2001,TSF,R2,S4,1,Middle,9,254.47,1.71,1.83,31.36,
2001,TSF,R2,S4,1,Deep,65,1837.83,1.73,1.81,154.09,comp
2001,TSF,R2,S4,2,Surface,21,593.76,1.4,1.46,39.95,
2001,TSF,R2,S4,2,Middle,50,1413.72,1.7,1.74,67.7,
2001,TSF,R2,S4,2,Deep,23,650.31,1.79,1.84,32.01,comp
2001,TSF,R2,S5,1,Surface,19,537.21,1.5,1.59,44.38,
2001,TSF,R2,S5,1,Middle,25,706.86,1.83,1.84,10.78,
2001,TSF,R2,S5,1,Deep,51,1441.99,1.54,1.95,591,comp
2001,TSF,R2,S5,2,Surface,19,537.21,1.52,1.61,49.88,
2001,TSF,R2,S5,2,Middle,35,989.6,1.81,1.99,171.03,
2001,TSF,R2,S5,2,Deep,38,1074.42,1.56,1.9,360.47,comp
2001,TSF,R3,S1,1,Surface,19,537.21,1.45,1.62,93.55,comp
2001,TSF,R3,S1,1,Middle,13,367.57,1.56,1.93,135.25,
2001,TSF,R3,S1,1,Deep,53,1498.54,1.57,1.91,517.6,
2001,TSF,R3,S1,2,Surface,17,480.66,1.38,1.61,109.97,comp
2001,TSF,R3,S1,2,Middle,21,593.76,1.54,1.86,186.59,
2001,TSF,R3,S1,2,Deep,45,1272.35,1.65,2.09,568.06,
2001,TSF,R3,S2,1,Surface,49,1385.44,1.57,1.65,112.94,comp
2001,TSF,R3,S2,1,Middle,33,933.05,1.94,2.03,84.28,
2001,TSF,R3,S2,1,Deep,13,367.57,1.59,1.6,2.56,
2001,TSF,R3,S2,2,Surface,19,537.21,1.5,1.56,28.61,not comp
2001,TSF,R3,S2,2,Middle,34,961.33,1.63,1.74,110.21,
2001,TSF,R3,S3,1,Surface,18,508.94,1.3,1.45,74.09,comp
2001,TSF,R3,S3,1,Middle,17,480.66,1.55,1.77,108.28,
2001,TSF,R3,S3,1,Deep,59,1668.19,1.61,1.89,453.24,
2001,TSF,R3,S3,2,Surface,20,565.49,1.38,1.54,88.86,
2001,TSF,R3,S3,2,Middle,27,763.41,1.71,1.83,92.91,
2001,TSF,R3,S3,2,Deep,48,1357.17,1.68,1.91,307.66,
2001,TSF,R3,S4,1,Surface,18,508.94,1.51,1.62,60.23,
2001,TSF,R3,S4,1,Middle,54,1526.81,1.8,1.92,191.4,
2001,TSF,R3,S4,1,Deep,28,791.68,1.79,1.83,32.63,
2001,TSF,R3,S4,2,Surface,21,593.76,1.46,1.64,109.51,
2001,TSF,R3,S4,2,Middle,41,1159.25,1.96,2.06,104.91,fungi
2001,TSF,R3,S4,2,Deep,31,876.5,1.86,1.96,86.64,
2001,TSF,R3,S5,1,Surface,16,452.39,1.76,1.92,72.7,
2001,TSF,R3,S5,1,Middle,53,1498.54,1.98,2.01,41.21,
2001,TSF,R3,S5,1,Deep,31,876.5,1.67,1.68,10.59,
2001,TSF,R3,S5,2,Surface,14,395.84,1.74,1.8,24.02,
2001,TSF,R3,S5,2,Middle,67,1894.38,1.85,1.9,109.87,
2001,TSF,R3,S5,2,Deep,19,537.21,1.81,1.83,10.05,
